player_id,first_name,last_name,sweater_number,player_position,shoots_catches,birthdate,birth_city,birth_country,weight,height
8484153,Leo,Carlsson,91,C,L,2004-12-26,Karlstad,SWE,194,75
8482118,Sam,Colangelo,64,R,R,2001-12-26,Stoneham,USA,205,74
8483445,Cutter,Gauthier,61,L,L,2004-01-19,Skelleftea,SWE,189,74
8480870,Bo,Groulx,24,C,L,2000-02-06,Rouen,FRA,198,74
8477527,Ross,Johnston,44,L,L,1994-02-18,Charlottetown,CAN,234,77
8479368,Max,Jones,49,L,L,1998-02-17,Rochester,USA,216,75
8473986,Alex,Killorn,17,L,L,1989-09-14,Halifax,CAN,194,73
8481517,Brett,Leason,20,R,R,1999-04-30,Calgary,CAN,218,77
8480806,Isac,Lundestrom,21,C,L,1999-11-06,Gallivare,SWE,193,72
8476934,Brock,McGinn,26,L,L,1994-02-02,Fergus,CAN,187,72
8482745,Mason,McTavish,23,C,L,2003-01-30,Zurich,CHE,213,72
8483570,Ben,Meyers,39,C,L,1998-11-15,Delano,USA,194,71
8475164,Jakob,Silfverberg,33,R,R,1990-10-13,Gavle,SWE,207,73
8476458,Ryan,Strome,16,C,R,1993-07-11,Mississauga,CAN,191,73
8478873,Troy,Terry,19,R,R,1997-09-10,Denver,USA,185,72
8478366,Frank,Vatrano,77,R,L,1994-03-14,East Longmeadow,USA,197,71
8481533,Trevor,Zegras,11,C,L,2001-03-20,Bedford,USA,185,72
8475760,Nick,Bjugstad,17,C,R,1992-07-17,Minneapolis,USA,209,78
8476329,Travis,Boyd,72,C,R,1993-09-14,Hopkins,USA,190,72
8479619,Michael,Carcone,53,L,L,1996-05-19,Ajax,CAN,170,69
8483431,Logan,Cooley,92,C,L,2004-05-04,Pittsburgh,USA,174,70
8478474,Lawson,Crouse,67,L,L,1997-06-23,Mt. Brydges,CAN,215,76
8480849,Barrett,Hayton,29,C,L,2000-06-09,Peterborough,CAN,207,73
8479343,Clayton,Keller,9,R,L,1998-07-29,Chesterfield,USA,178,70
8477021,Alex,Kerfoot,15,C,L,1994-08-11,Vancouver,CAN,186,71
8483483,Julian,Lutz,,L,L,2004-02-29,Weingarten,DEU,185,73
8481711,Matias,Maccelli,63,L,L,2000-10-14,Turku,FIN,176,71
8480855,Jack,McBain,22,C,L,2000-01-06,Toronto,CAN,201,75
8477070,Liam,O'Brien,38,C,L,1994-07-29,Halifax,CAN,213,73
8477951,Nick,Schmaltz,8,C,R,1996-02-23,Madison,USA,181,72
8483652,Joey,Abate,53,L,L,1998-09-26,Bloomingdale,USA,198,74
8481556,John,Beecher,19,C,L,2001-04-05,Elmira,USA,216,75
8480003,Jesper,Boqvist,70,C,L,1998-10-30,Falun,SWE,184,73
8479638,Justin,Brazeau,55,R,R,1998-02-02,New Liskeard,CAN,220,77
8477887,Patrick,Brown,38,C,R,1992-05-29,Bloomfield Hills,USA,218,73
8475745,Charlie,Coyle,13,C,R,1992-03-02,East Weymouth,USA,218,75
8478498,Jake,DeBrusk,74,L,L,1996-10-17,Edmonton,CAN,198,73
8479365,Trent,Frederic,11,C,L,1998-02-11,St. Louis,USA,220,75
8479987,Morgan,Geekie,39,C,R,1998-07-20,Strathclair,CAN,202,75
8478046,Danton,Heinen,43,C,L,1995-07-05,Langley,CAN,195,74
8482479,Trevor,Kuntar,52,C,L,2001-06-20,Buffalo,USA,205,72
8480880,Jakub,Lauko,94,C,L,2000-03-28,Prague,CZE,193,73
8473419,Brad,Marchand,63,L,L,1988-05-11,Halifax,CAN,176,69
8474034,Pat,Maroon,61,L,L,1988-04-23,St. Louis,USA,234,75
8483397,Marc,McLaughlin,26,C,R,1999-07-26,North Billerica,USA,199,72
8477126,Jayson,Megna,20,C,R,1990-02-01,Fort Lauderdale,USA,190,72
8483567,Georgii,Merkulov,42,C,L,2000-10-10,Ryazan,RUS,176,71
8477956,David,Pastrnak,88,R,R,1996-05-25,Havirov,CZE,196,72
8483505,Matthew,Poitras,51,C,R,2004-03-10,Ajax,CAN,180,71
8479546,Oskar,Steen,62,C,R,1998-03-09,Karlstad,SWE,196,70
8474037,James,van Riemsdyk,21,L,L,1989-05-04,Middletown,USA,208,75
8478401,Pavel,Zacha,18,C,L,1997-04-06,Brno,CZE,207,76
8484145,Zach,Benson,9,L,L,2005-05-12,Chilliwack,CAN,170,70
8481528,Dylan,Cozens,24,C,R,2001-02-09,Whitehorse,CAN,195,75
8476878,Zemgus,Girgensons,28,L,L,1994-01-05,Riga,LVA,200,74
8478413,Jordan,Greenway,12,L,L,1997-02-16,Canton,USA,231,78
8479370,Tyson,Jost,17,C,L,1998-03-14,St. Albert,CAN,187,71
8481522,Peyton,Krebs,19,C,L,2001-01-26,Calgary,CAN,186,72
8478109,Victor,Olofsson,71,L,L,1995-07-18,Ornskoldsvik,SWE,182,71
8482175,JJ,Peterka,77,R,L,2002-01-14,Munich,DEU,189,72
8482097,Jack,Quinn,22,R,R,2001-09-19,Ottawa,CAN,185,73
8480762,Eric,Robinson,50,L,L,1995-06-14,Bellmawr,USA,211,74
8475784,Jeff,Skinner,53,L,L,1992-05-16,Toronto,CAN,200,71
8479420,Tage,Thompson,72,C,R,1997-10-30,Phoenix,USA,220,78
8477949,Alex,Tuch,89,R,R,1996-05-10,Syracuse,USA,215,76
8478427,Sebastian,Aho,20,C,L,1997-07-26,Rauma,FIN,176,72
8482809,Jackson,Blake,53,R,R,2003-08-03,Fargo,USA,173,70
8480031,Maxime,Comtois,44,L,L,1999-01-08,Longueuil,CAN,210,74
8480835,Jack,Drury,18,C,L,2000-02-03,New York,USA,174,71
8475855,Jesper,Fast,71,R,R,1991-12-02,Nassjo,SWE,191,73
8477404,Jake,Guentzel,59,C,L,1994-10-06,Omaha,USA,180,71
8482093,Seth,Jarvis,24,C,R,2002-02-01,Winnipeg,CAN,175,70
8480829,Jesperi,Kotkaniemi,82,C,L,2000-07-06,Pori,FIN,201,74
8475744,Evgeny,Kuznetsov,92,C,L,1992-05-19,Chelyabinsk,RUS,207,74
8477962,Brendan,Lemieux,28,L,L,1996-03-15,Denver,USA,215,73
8476921,Jordan,Martinook,48,L,L,1992-07-25,Brandon,CAN,196,72
8484203,Bradly,Nadeau,29,L,R,2005-05-05,St-Francois de Madaw,CAN,161,70
8480039,Martin,Necas,88,C,R,1999-01-15,Nove Mesto na Morave,CZE,189,74
8476474,Stefan,Noesen,23,R,R,1993-02-12,Plano,USA,205,73
8473533,Jordan,Staal,11,C,L,1988-09-10,Thunder Bay,CAN,220,76
8481576,Ryan,Suzuki,61,C,L,2001-05-28,London,CAN,176,72
8480830,Andrei,Svechnikov,37,R,L,2000-03-26,Barnaul,RUS,195,74
8476882,Teuvo,Teravainen,86,L,L,1994-09-11,Helsinki,FIN,191,71
8484149,Gavin,Brindley,45,C,R,2004-10-05,Fort Myers,USA,175,69
8482475,Yegor,Chinakhov,59,R,L,2001-02-01,Omsk,RUS,204,73
8479941,Justin,Danforth,17,R,R,1993-03-15,Oshawa,CAN,188,68
8484166,Adam,Fantilli,11,C,L,2004-10-12,Nobleton,CAN,194,74
8476346,Johnny,Gaudreau,13,L,L,1993-08-13,Salem,USA,163,69
8476432,Boone,Jenner,38,C,L,1993-06-15,Dorchester,CAN,208,74
8482660,Kent,Johnson,91,C,L,2002-10-18,Port Moody,CAN,178,72
8476374,Sean,Kuraly,7,C,L,1993-01-20,Niagara Falls,USA,215,74
8480893,Kirill,Marchenko,86,R,R,2000-07-21,Barnaul,RUS,195,75
8480292,Carson,Meyer,72,R,R,1997-08-18,Powell,USA,184,71
8479423,Alex,Nylander,92,L,R,1998-03-02,Calgary,CAN,192,73
8479671,Mathieu,Olivier,24,R,R,1997-02-11,Biloxi,USA,222,73
8482705,Cole,Sillinger,4,C,L,2003-05-16,Columbus,USA,199,73
8480074,Alexandre,Texier,42,C,L,1999-09-13,Saint-Martin-d'Hères,FRA,201,73
8481716,Dmitri,Voronkov,10,L,L,2000-09-10,Angarsk,RUS,240,77
8474150,Mikael,Backlund,11,C,L,1989-03-17,Vasteras,SWE,206,72
8476399,Blake,Coleman,20,C,L,1991-11-28,Plano,USA,199,71
8482652,Walker,Duehr,71,R,R,1997-11-23,Sioux Falls,USA,210,74
8478421,A.J.,Greer,18,L,L,1996-12-14,Joliette,CAN,209,75
8476456,Jonathan,Huberdeau,10,C,L,1993-06-04,Saint-Jerome,CAN,200,73
8478211,Dryden,Hunt,15,L,L,1995-11-24,Cranbrook,CAN,193,72
8475172,Nazem,Kadri,91,C,L,1990-10-06,London,CAN,185,72
8483808,Andrei,Kuzmenko,96,L,R,1996-02-04,Yakutsk,RUS,194,71
8478233,Andrew,Mangiapane,88,L,L,1996-04-04,Toronto,CAN,184,70
8481028,Martin,Pospisil,76,C,L,1999-11-19,Zvolen,SVK,173,74
8479291,Kevin,Rooney,21,C,L,1993-05-21,Canton,USA,190,74
8481068,Yegor,Sharangovich,17,C,L,1998-06-06,Minsk,BLR,196,74
8482074,Connor,Zary,47,C,L,2001-09-25,Saskatoon,CAN,178,72
8479315,Joey,Anderson,15,R,R,1998-06-19,Roseville,USA,207,72
8476960,Andreas,Athanasiou,89,C,L,1994-08-06,Woodbridge,CAN,190,74
8484144,Connor,Bedard,98,C,R,2005-07-17,North Vancouver,CAN,185,70
8476278,Colin,Blackwell,43,C,R,1993-03-28,North Andover,USA,190,69
8477450,Jason,Dickinson,16,C,L,1995-07-04,Georgetown,CAN,200,74
8477987,Ryan,Donato,8,C,L,1996-04-09,Boston,USA,190,72
8480025,MacKenzie,Entwistle,58,R,R,1999-07-14,Georgetown,CAN,205,75
8473422,Nick,Foligno,17,L,L,1987-10-31,Buffalo,USA,210,72
8475791,Taylor,Hall,71,L,L,1991-11-14,Calgary,CAN,210,73
8481147,Reese,Johnson,52,C,R,1998-07-10,Regina,CAN,193,73
8474870,Tyler,Johnson,90,C,R,1990-07-29,Spokane,USA,185,68
8480798,Philipp,Kurashev,23,C,L,1999-10-12,Munsingen,CHE,190,72
8483493,Frank,Nazar,91,C,R,2004-01-14,Detroit,USA,175,69
8479390,Taylor,Raddysh,11,R,R,1998-02-18,Caledon,CAN,198,75
8482172,Landon,Slaggert,84,L,L,2002-06-25,South Bend,USA,180,72
8471699,Andrew,Cogliano,11,C,L,1987-06-14,Toronto,CAN,179,70
8479525,Ross,Colton,20,C,L,1996-09-11,Robbinsville,USA,194,72
8477494,Jonathan,Drouin,27,L,L,1995-03-28,Ste-Agathe,CAN,198,71
8479520,Brandon,Duhaime,12,R,L,1997-05-22,Coral Springs,USA,200,74
8482147,Jean-Luc,Foudy,93,C,R,2002-05-13,Scarborough,CAN,177,71
8481641,Joel,Kiviranta,94,L,L,1996-03-23,Vantaa,FIN,185,71
8481042,Nikolai,Kovalenko,51,R,L,1999-10-17,Raleigh,USA,180,70
8477476,Artturi,Lehkonen,62,L,L,1995-07-04,Piikkio,FIN,179,71
8477492,Nathan,MacKinnon,29,C,R,1995-09-01,Halifax,CAN,200,72
8479999,Casey,Mittelstadt,37,C,L,1998-11-22,Eden Prairie,USA,195,73
8481186,Logan,O'Connor,25,R,R,1996-08-14,Missouri City,USA,175,72
8478028,Fredrik,Olofsson,22,L,L,1996-05-27,Helsingborg,SWE,190,74
8470610,Zach,Parise,9,L,L,1984-07-28,Minneapolis,USA,195,71
8478420,Mikko,Rantanen,96,R,L,1996-10-29,Nousiainen,FIN,215,76
8478508,Yakov,Trenin,73,C,L,1997-01-13,Chelyabinsk,RUS,201,74
8479362,Riley,Tufte,10,L,L,1998-04-10,Coon Rapids,USA,230,78
8475780,Chris,Wagner,14,R,R,1991-05-27,Walpole,USA,192,72
8477425,Miles,Wood,28,L,L,1995-09-13,Buffalo,USA,195,74
8480840,Oskar,Back,37,C,L,2000-03-12,Karlstad,SWE,210,75
8473994,Jamie,Benn,14,L,L,1989-07-18,Victoria,CAN,205,74
8481712,Matej,Blumel,25,R,L,2000-05-31,Tabor,CZE,201,72
8482145,Mavrik,Bourque,22,C,R,2002-01-08,Plessisville,CAN,191,70
8474149,Evgenii,Dadonov,63,R,L,1989-03-12,Chelyabinsk,RUS,185,72
8480848,Ty,Dellandrea,10,C,R,2000-07-21,Port Perry,CAN,190,74
8475168,Matt,Duchene,95,C,L,1991-01-16,Haliburton,CAN,210,73
8476889,Radek,Faksa,12,C,L,1994-01-09,Vitkov,CZE,215,75
8478449,Roope,Hintz,24,C,L,1996-11-17,Nokia,FIN,212,75
8482740,Wyatt,Johnston,53,C,R,2003-05-14,Toronto,CAN,184,74
8479518,Fredrik,Karlström,51,C,L,1998-01-12,Stockholm,SWE,193,75
8478975,Mason,Marchment,27,L,L,1995-06-18,Uxbridge,CAN,216,77
8470794,Joe,Pavelski,16,C,R,1984-07-11,Plover,USA,196,73
8480027,Jason,Robertson,21,L,L,1999-07-22,Arcadia,USA,202,75
8475794,Tyler,Seguin,91,C,R,1992-01-31,Brampton,CAN,207,73
8475225,Craig,Smith,15,C,R,1989-09-05,Madison,USA,203,73
8482702,Logan,Stankoven,11,C,R,2003-02-26,Kamloops,CAN,171,68
8479351,Sam,Steel,18,C,L,1998-02-03,Ardrossan,CAN,185,72
8477456,J.T.,Compher,37,L,R,1995-04-08,Northbrook,USA,190,72
8477429,Andrew,Copp,18,C,L,1994-07-08,Ann Arbor,USA,203,73
8479337,Alex,DeBrincat,93,R,R,1997-12-18,Farmington Hills,USA,180,68
8477952,Robby,Fabbri,14,C,L,1996-01-22,Mississauga,CAN,185,73
8478432,Christian,Fischer,36,R,R,1997-04-15,Chicago,USA,212,74
8474141,Patrick,Kane,88,R,L,1988-11-19,Buffalo,USA,177,70
8477946,Dylan,Larkin,71,C,L,1996-07-30,Waterford,USA,199,73
8474102,David,Perron,57,L,R,1988-05-28,Sherbrooke,CAN,195,72
8479992,Michael,Rasmussen,27,C,L,1999-04-17,Surrey,CAN,220,78
8482078,Lucas,Raymond,23,L,R,2002-03-28,Gothenburg,SWE,188,71
8478466,Daniel,Sprong,17,R,R,1997-03-17,Amsterdam,NLD,195,72
8480813,Joe,Veleno,90,C,L,2000-01-13,Montréal,CAN,201,73
8482673,Xavier,Bourgault,54,C,R,2002-10-22,L'Islet,CAN,172,72
8477015,Connor,Brown,28,R,R,1994-01-14,Toronto,CAN,184,72
8475842,Sam,Carrick,39,C,R,1992-02-04,Markham,CAN,200,72
8477934,Leon,Draisaitl,29,C,L,1995-10-27,Cologne,DEU,209,74
8477454,Adam,Erne,21,L,L,1995-04-20,New Haven,USA,215,73
8477998,Warren,Foegele,37,L,L,1996-04-01,Markham,CAN,204,74
8474040,Sam,Gagner,89,C,R,1989-08-10,London,CAN,200,71
8474641,Adam,Henrique,19,C,L,1990-02-06,Brantford,CAN,195,72
8482077,Dylan,Holloway,55,L,L,2001-09-23,Calgary,CAN,206,73
8475786,Zach,Hyman,18,L,R,1992-06-09,Toronto,CAN,206,73
8477406,Mattias,Janmark,13,C,L,1992-12-08,Danderyd,SWE,205,74
8475169,Evander,Kane,91,L,L,1991-08-02,Vancouver,CAN,218,74
8481534,Raphael,Lavoie,62,C,R,2000-09-25,Chambly,CAN,215,76
8478402,Connor,McDavid,97,C,L,1997-01-13,Richmond Hill,CAN,194,73
8480802,Ryan,McLeod,71,C,L,1999-09-21,Mississauga,CAN,188,75
8476454,Ryan,Nugent-Hopkins,93,C,L,1993-04-12,Burnaby,CAN,192,73
8478967,Lane,Pederson,26,C,R,1997-08-04,Saskatoon,CAN,196,73
8470621,Corey,Perry,90,R,R,1985-05-16,Peterborough,CAN,208,75
8478585,Derek,Ryan,10,C,R,1986-12-29,Spokane,USA,185,70
8479335,Rasmus,Asplund,74,C,L,1997-12-03,Filipstad,SWE,185,71
8477493,Aleksander,Barkov,16,C,L,1995-09-02,Tampere,FIN,215,75
8477935,Sam,Bennett,9,C,L,1996-06-20,Holland Landing,CAN,195,73
8476393,Nick,Cousins,21,C,L,1993-07-20,Belleville,CAN,186,71
8479981,Jonah,Gadjovich,12,L,L,1998-10-12,Whitby,CAN,209,74
8480825,Patrick,Giles,36,R,R,2000-01-03,Chevy Chase,USA,217,76
8479367,William,Lockwood,67,R,R,1998-06-20,Royal Oak,USA,178,72
8479066,Ryan,Lomberg,94,L,L,1994-12-09,Richmond Hill,CAN,184,69
8478904,Steven,Lorentz,18,C,L,1996-04-13,Kitchener,CAN,216,76
8482113,Anton,Lundell,15,C,L,2001-10-03,Espoo,FIN,190,73
8480185,Eetu,Luostarinen,27,C,L,1998-09-02,Siilinjarvi,FIN,190,75
8473449,Kyle,Okposo,8,R,R,1988-04-16,St. Paul,USA,216,72
8477933,Sam,Reinhart,13,C,R,1995-11-06,West Vancouver,CAN,193,74
8478542,Evan,Rodrigues,17,C,R,1993-07-28,Toronto,CAN,175,71
8482713,Mackie,Samoskevich,25,R,R,2002-11-15,Newtown,USA,183,71
8482088,Justin,Sourdif,24,R,R,2002-03-24,Richmond,CAN,180,71
8478831,Kevin,Stenlund,82,C,R,1996-09-20,Stockholm,SWE,215,77
8475765,Vladimir,Tarasenko,10,R,L,1991-12-13,Yaroslavl,RUS,219,73
8479314,Matthew,Tkachuk,19,L,L,1997-12-11,Scottsdale,USA,206,74
8477409,Carter,Verhaeghe,23,C,L,1995-08-14,Toronto,CAN,180,74
8478042,Viktor,Arvidsson,33,R,R,1993-04-08,Skelleftea,SWE,185,70
8482124,Quinton,Byfield,55,R,L,2002-08-19,Newmarket,CAN,225,77
8476479,Phillip,Danault,24,C,L,1993-02-24,Victoriaville,CAN,200,73
8479400,Pierre-Luc,Dubois,80,C,L,1998-06-24,Ste-Agathe-des-Monts,CAN,225,76
8477942,Kevin,Fiala,22,L,L,1996-07-22,St. Gallen,CHE,205,72
8479336,Carl,Grundstrom,91,R,L,1997-12-01,Umea,SWE,200,72
8481560,Arthur,Kaliyev,34,R,L,2001-06-26,Tashkent,UZB,210,74
8477960,Adrian,Kempe,9,R,L,1996-09-13,Kramfors,SWE,200,74
8471685,Anze,Kopitar,11,C,L,1987-08-24,Jesenice,SVN,225,75
8482155,Alex,Laferriere,78,R,R,2001-10-28,Chatham,USA,205,73
8473453,Trevor,Lewis,61,C,R,1987-01-08,Salt Lake City,USA,205,73
8481481,Blake,Lizotte,46,C,L,1997-12-13,Lindstrom,USA,175,69
8479675,Trevor,Moore,12,L,L,1995-03-31,Thousand Oaks,USA,195,71
8481557,Matt,Boldy,12,L,L,2001-04-05,Milford,USA,201,74
8478493,Joel,Eriksson Ek,14,C,L,1997-01-29,Karlstad,SWE,207,75
8475220,Marcus,Foligno,17,L,L,1991-08-10,Buffalo,USA,226,75
8477919,Frederick,Gaudreau,89,C,R,1993-05-01,Bromont,CAN,184,72
8477451,Ryan,Hartman,38,R,R,1994-09-20,Hilton Head Island,USA,197,72
8475149,Marcus,Johansson,90,C,L,1990-10-06,Landskrona,SWE,203,73
8478864,Kirill,Kaprizov,97,L,L,1997-04-26,Novokuznetsk,RUS,202,70
8482177,Marat,Khusnutdinov,22,C,L,2002-07-17,Moscow,RUS,176,71
8479968,Vinni,Lettieri,10,C,R,1995-02-06,Excelsior,USA,184,70
8481422,Jacob,Lucchini,27,C,L,1995-05-09,Trail,CAN,180,72
8483499,Liam,Ohgren,28,L,L,2004-01-28,Stockholm,SWE,187,72
8482079,Marco,Rossi,23,C,L,2001-09-23,Feldkirch,AUT,182,69
8479972,Mason,Shaw,15,C,L,1998-11-03,Lloydminster,CAN,184,70
8475692,Mats,Zuccarello,36,R,L,1987-09-01,Oslo,NOR,181,68
8476981,Josh,Anderson,17,R,R,1994-05-07,Burlington,CAN,224,75
8476469,Joel,Armia,40,R,R,1993-05-31,Pori,FIN,216,75
8481540,Cole,Caufield,22,R,R,2001-01-02,Mosinee,USA,175,68
8481523,Kirby,Dach,77,C,R,2001-01-21,Fort Saskatchewan,CAN,217,76
8477989,Christian,Dvorak,28,C,L,1996-02-02,Palos,USA,192,73
8478133,Jake,Evans,71,C,R,1996-06-02,Toronto,CAN,187,73
8475848,Brendan,Gallagher,11,R,R,1992-05-06,Edmonton,CAN,183,69
8481093,Rafael,Harvey-Pinard,49,L,L,1999-01-06,Saguenay,CAN,184,69
8481618,Alex,Newhook,15,C,L,2001-01-28,St. John's,CAN,199,71
8476871,Tanner,Pearson,70,L,L,1992-08-10,Kitchener,CAN,207,73
8479543,Michael,Pezzetta,55,L,L,1998-03-13,Toronto,CAN,217,73
8483515,Juraj,Slafkovsky,20,L,L,2004-03-30,Kosice,SVK,230,75
8480018,Nick,Suzuki,14,C,R,1999-08-10,London,CAN,212,71
8478400,Colin,White,36,C,R,1997-01-30,Boston,USA,194,73
8481058,Jesse,Ylönen,56,R,R,1999-10-03,Scottsdale,USA,200,73
8479414,Nathan,Bastian,14,R,R,1997-12-06,Kitchener,CAN,205,76
8479407,Jesper,Bratt,63,L,L,1998-07-30,Stockholm,SWE,175,70
8481518,Nolan,Foote,25,L,L,2000-11-29,Denver,USA,196,75
8475287,Erik,Haula,56,L,L,1991-03-23,Pori,FIN,191,71
8480002,Nico,Hischier,13,C,L,1999-01-04,Brig,CHE,175,73
8482125,Alexander,Holtz,10,R,R,2002-01-23,Stockholm,SWE,195,72
8481559,Jack,Hughes,86,C,L,2001-05-14,Orlando,USA,175,71
8477508,Curtis,Lazar,42,C,R,1995-02-02,Salmon Arm,CAN,203,72
8477073,Kurtis,MacDermid,23,L,L,1994-03-25,Quebec City,CAN,233,77
8478414,Timo,Meier,28,R,L,1996-10-08,Herisau,CHE,220,73
8482110,Dawson,Mercer,91,C,R,2001-10-27,Carbonear,CAN,180,72
8477931,Tomas,Nosek,92,L,L,1992-09-01,Pardubice,CZE,205,75
8476292,Ondrej,Palat,18,L,L,1991-03-28,Frydek-Mistek,CZE,194,72
8476919,Chris,Tierney,11,C,L,1994-07-01,Keswick,CAN,191,73
8479994,Jaret,Anderson-Dolan,28,C,L,1999-09-12,Calgary,CAN,200,71
8478463,Anthony,Beauvillier,21,L,L,1997-06-08,Sorel-Tracy,CAN,180,71
8482146,Luke,Evangelista,77,R,R,2002-02-21,Toronto,CAN,183,72
8476887,Filip,Forsberg,9,L,R,1994-08-13,Ostervala,SWE,205,73
8479996,Cody,Glass,8,C,R,1999-04-01,Winnipeg,CAN,206,75
8476873,Mark,Jankowski,17,C,L,1994-09-13,Hamilton,CAN,212,76
8477446,Michael,McCarron,47,R,R,1995-03-07,Grosse Pointe,USA,232,78
8478438,Tommy,Novak,82,C,L,1997-04-28,St. Paul,USA,179,73
8474679,Gustav,Nyquist,14,C,L,1989-09-01,Halmstad,SWE,180,71
8475158,Ryan,O'Reilly,90,C,L,1991-02-07,Clinton,CAN,207,73
8480748,Kiefer,Sherwood,44,L,R,1995-03-31,Columbus,USA,194,72
8476925,Colton,Sissons,10,C,R,1993-11-05,North Vancouver,CAN,200,73
8482062,Cole,Smith,36,L,L,1995-10-28,Brainerd,USA,195,75
8475722,Jason,Zucker,16,L,L,1992-01-16,Newport Beach,USA,192,71
8478445,Mathew,Barzal,13,C,R,1997-05-26,Coquitlam,CAN,190,73
8475231,Casey,Cizikas,53,C,L,1991-02-27,Toronto,CAN,194,71
8473504,Cal,Clutterbuck,15,R,R,1987-11-18,Welland,CAN,215,71
8478115,Pierre,Engvall,18,L,L,1996-05-31,Ljungby,SWE,215,77
8477392,Hudson,Fasching,20,R,R,1995-07-28,Apple Valley,USA,209,75
8479328,Julien,Gauthier,16,R,R,1997-10-15,Pointe-aux-Trembles,CAN,226,76
8481601,Simon,Holmstrom,10,R,L,2001-05-24,Tranas,SWE,215,74
8477500,Bo,Horvat,14,C,L,1995-04-05,London,CAN,213,73
8481016,Ruslan,Iskhakov,37,C,L,2000-07-22,Moscow,RUS,170,68
8480901,Karson,Kuhlman,46,C,R,1995-09-26,Esko,USA,184,71
8475314,Anders,Lee,27,L,L,1990-07-03,Edina,USA,227,75
8481237,Kyle,MacLean,32,C,L,1999-04-29,Livingston,USA,190,73
8474709,Matt,Martin,17,L,L,1989-05-08,Windsor,CAN,215,75
8475754,Brock,Nelson,29,C,L,1991-10-15,Warroad,USA,210,76
8476419,Jean-Gabriel,Pageau,44,C,R,1992-11-11,Ottawa,CAN,185,71
8475151,Kyle,Palmieri,21,C,R,1991-02-01,Smithtown,USA,196,71
8477314,Brian,Pinho,51,C,R,1995-05-11,Beverly,USA,188,74
8480789,Oliver,Wahlstrom,26,R,R,2000-06-13,Portland,USA,200,74
8475968,Alex,Belzile,60,R,R,1991-08-31,St-Eloi,CAN,195,72
8482132,Brett,Berard,65,L,L,2002-09-09,Providence,USA,174,69
8477320,Anton,Blidh,25,L,L,1995-03-14,Molnlycke,SWE,196,73
8477380,Jonny,Brodzinski,22,C,R,1993-06-19,Ham Lake,USA,204,72
8480078,Filip,Chytil,72,C,L,1999-09-05,Kromeriz,CZE,208,74
8482157,Will,Cuylle,50,L,L,2002-02-05,Toronto,CAN,210,75
8481726,Adam,Edstrom,84,C,L,2000-10-12,Karlstad,SWE,234,79
8476624,Barclay,Goodrow,21,C,L,1993-02-26,Toronto,CAN,209,74
8481554,Kaapo,Kakko,24,R,L,2001-02-13,Turku,FIN,205,74
8475184,Chris,Kreider,20,L,L,1991-04-30,Boxford,USA,233,75
8482109,Alexis,Lafrenière,13,L,L,2001-10-11,St-Eustache,CAN,194,73
8479991,Jake,Leschyshyn,15,C,L,1999-03-10,Raleigh,USA,198,71
8482747,Brennan,Othmann,78,L,L,2003-01-05,Pickering,CAN,186,72
8478550,Artemi,Panarin,10,L,R,1991-10-30,Korkino,RUS,175,72
8475752,Tyler,Pitlick,71,C,R,1991-11-01,Minneapolis,USA,199,74
8482460,Matt,Rempe,73,C,R,2002-06-29,Calgary,CAN,241,79
8478458,Jack,Roslovic,96,C,R,1997-01-29,Columbus,USA,198,73
8483669,Adam,Sykora,38,L,L,2004-09-07,Piestany,SVK,192,71
8476389,Vincent,Trocheck,16,C,R,1993-07-11,Pittsburgh,USA,187,71
8476918,Jimmy,Vesey,26,L,L,1993-05-26,Boston,USA,200,74
8477505,Alexander,Wennberg,91,C,L,1994-09-22,Stockholm,SWE,190,74
8471218,Blake,Wheeler,17,R,R,1986-08-31,Plymouth,USA,222,77
8476459,Mika,Zibanejad,93,C,R,1993-04-18,Stockholm,SWE,201,74
8480208,Drake,Batherson,19,R,R,1998-04-27,Fort Wayne,USA,203,75
8473512,Claude,Giroux,28,R,R,1988-01-12,Hearst,CAN,188,71
8482092,Ridly,Greig,71,C,L,2002-08-08,Lethbridge,CAN,184,72
8478472,Mathieu,Joseph,21,R,L,1997-02-09,Laval,CAN,186,73
8480355,Mark,Kastelic,12,C,R,1999-03-11,Phoenix,USA,226,76
8479383,Boris,Katchouk,14,L,L,1998-06-18,Vancouver,CAN,206,74
8480448,Parker,Kelly,27,L,L,1999-05-14,Camrose,CAN,185,73
8477330,Dominik,Kubalik,81,L,L,1995-08-21,Plzen,CZE,192,74
8479772,Zack,MacEwen,17,R,R,1996-07-08,Charlottetown,CAN,240,76
8480064,Josh,Norris,9,C,L,1999-05-05,Oxford,USA,195,74
8481596,Shane,Pinto,57,C,R,2000-11-12,Franklin Square,USA,201,75
8482116,Tim,Stützle,18,C,L,2002-01-15,Viersen,DEU,197,72
8480801,Brady,Tkachuk,7,L,L,1999-09-16,Scottsdale,USA,225,76
8474715,Cam,Atkinson,89,R,R,1989-06-05,Riverside,USA,175,68
8480220,Noah,Cates,27,L,L,1999-02-05,Stillwater,USA,194,74
8476461,Sean,Couturier,14,C,L,1992-12-07,Phoenix,USA,210,76
8475235,Nicolas,Deslauriers,44,L,L,1991-02-22,LaSalle,CAN,218,73
8480797,Joel,Farabee,86,L,L,2000-02-25,Syracuse,USA,186,72
8482159,Tyson,Foerster,71,R,R,2002-01-18,Alliston,CAN,215,74
8480028,Morgan,Frost,48,C,L,1999-05-14,Aurora,CAN,193,72
8478495,Denis,Gurianov,15,R,L,1997-06-07,Togliatti,RUS,205,75
8477903,Garnet,Hathaway,19,R,R,1991-11-23,Naples,USA,212,74
8475793,Ryan,Johansen,,C,R,1992-07-31,Vancouver,CAN,218,75
8478439,Travis,Konecny,11,R,R,1997-03-11,London,CAN,192,70
8476872,Scott,Laughton,21,C,L,1994-05-30,Oakville,CAN,191,73
8480068,Ryan,Poehling,25,C,L,1999-01-03,Lakeville,USA,204,74
8480015,Owen,Tippett,74,R,R,1999-02-16,Peterborough,CAN,210,73
8478569,Noel,Acciari,55,C,R,1991-12-01,Johnston,USA,209,70
8480205,Emil,Bemstrom,52,C,R,1999-06-01,Nykoping,SWE,195,72
8478047,Michael,Bunting,8,L,L,1995-09-17,Scarborough,CAN,192,72
8470604,Jeff,Carter,77,C,R,1985-01-01,London,CAN,219,75
8471675,Sidney,Crosby,87,C,L,1987-08-07,Cole Harbour,CAN,200,71
8474189,Lars,Eller,20,C,L,1989-05-08,Rodovre,DNK,205,74
8478424,Jansen,Harkins,43,C,L,1997-05-23,Cleveland,USA,197,74
8471215,Evgeni,Malkin,71,C,L,1986-07-31,Magnitogorsk,RUS,195,75
8476442,Matt,Nieto,83,L,L,1992-11-05,Long Beach,USA,187,71
8482055,Drew,O'Connor,10,L,L,1998-06-09,Chatham,USA,200,75
8479344,Jesse,Puljujarvi,18,R,R,1998-05-07,Alvkarleby,SWE,201,76
8476483,Rickard,Rakell,67,R,R,1993-05-05,Sundbyberg,SWE,195,73
8475810,Bryan,Rust,17,R,R,1992-05-11,Pontiac,USA,192,71
8475191,Reilly,Smith,19,R,L,1991-04-01,Mimico,CAN,185,73
8482241,Radim,Zohorna,63,L,L,1996-04-29,Havlickuv,CZE,220,78
8477930,Pierre-Edouard,Bellemare,41,L,L,1985-03-06,Le Blanc-Mesnil,FRA,198,71
8482665,Matty,Beniers,10,C,L,2002-11-05,Hingham,USA,178,74
8477416,Oliver,Bjorkstrand,22,R,R,1995-04-10,Herning,DNK,175,72
8477444,Andre,Burakovsky,95,L,L,1995-02-09,Klagenfurt,AUT,209,75
8474586,Jordan,Eberle,7,R,R,1990-05-15,Regina,CAN,190,71
8476826,Yanni,Gourde,37,C,L,1991-12-15,Saint-Narcisse,CAN,174,69
8481789,Tye,Kartye,52,L,L,2001-04-30,Kingston,CAN,202,71
8477955,Jared,McCann,19,L,L,1996-05-31,Stratford,CAN,191,73
8475768,Jaden,Schwartz,17,C,L,1992-06-25,Wilcox,CAN,185,70
8479293,Brandon,Tanev,13,L,L,1991-12-31,Toronto,CAN,189,72
8475193,Tomas,Tatar,90,L,L,1990-12-01,Ilava,SVK,173,70
8480009,Eeli,Tolvanen,20,R,L,1999-04-22,Vihti,FIN,191,70
8479977,Kailer,Yamamoto,56,R,R,1998-09-29,Spokane,USA,153,68
8477473,Justin,Bailey,90,R,R,1995-07-01,Buffalo,USA,214,76
8482222,Alexander,Barabanov,94,L,L,1994-06-17,St. Petersburg,RUS,195,70
8482133,Thomas,Bordeleau,17,C,L,2002-01-03,Houston,USA,175,70
8477846,Ryan,Carpenter,22,C,R,1991-01-18,Oviedo,USA,198,73
8474053,Logan,Couture,39,C,L,1989-03-28,Guelph,CAN,206,73
8482667,William,Eklund,72,L,L,2002-10-12,Stockholm,SWE,181,71
8484911,Collin,Graf,51,R,R,2002-09-21,LINCOLN,USA,194,73
8475798,Mikael,Granlund,64,C,L,1992-02-26,Oulu,FIN,185,70
8474884,Mike,Hoffman,68,C,L,1989-11-24,Kitchener,CAN,190,72
8480011,Klim,Kostin,10,C,L,1999-05-05,Penza,RUS,232,76
8479316,Luke,Kunin,11,C,R,1997-12-04,Chesterfield,USA,197,72
8478099,Kevin,Labanc,62,R,R,1995-12-12,Brooklyn,USA,185,71
8479379,Givani,Smith,54,R,L,1998-02-27,Toronto,CAN,214,74
8480021,Jack,Studnicka,16,C,R,1999-02-18,Windsor,CAN,187,73
8481477,Nico,Sturm,7,C,L,1995-05-03,Augsburg,DEU,209,75
8480821,Filip,Zadina,18,R,L,1999-11-27,Pardubice,CZE,190,72
8480188,Fabian,Zetterlund,20,L,R,1999-08-25,Karlstad,SWE,220,71
8481543,Nikita,Alexandrov,59,C,L,2000-09-16,Burgwedel,DEU,177,73
8478104,Sammy,Blais,79,L,L,1996-06-17,Montmagny,CAN,206,74
8477402,Pavel,Buchnevich,89,L,L,1995-04-17,Cherepovets,RUS,196,73
8475763,Kevin,Hayes,12,R,L,1992-05-08,Dorchester,USA,216,77
8477953,Kasperi,Kapanen,42,R,R,1996-07-23,Kuopio,FIN,194,73
8479385,Jordan,Kyrou,25,C,R,1998-05-05,Toronto,CAN,196,73
8482089,Jake,Neighbours,63,L,L,2002-03-29,Calgary,CAN,201,72
8476438,Brandon,Saad,20,L,L,1992-10-27,Pittsburgh,USA,215,73
8475170,Brayden,Schenn,10,C,L,1991-08-22,Saskatoon,CAN,199,73
8476897,Oskar,Sundqvist,70,C,R,1994-03-23,Boden,SWE,220,75
8480023,Robert,Thomas,18,C,R,1999-07-02,Aurora,CAN,218,72
8480281,Alexey,Toropchenko,13,R,L,1999-06-25,Moscow,RUS,222,78
8477573,Nathan,Walker,26,L,L,1994-02-07,Cardiff,GBR,187,69
8482070,Mitchell,Chaffee,41,R,R,1998-01-26,Grand Rapids,USA,192,73
8478519,Anthony,Cirelli,71,C,L,1997-07-15,Etobicoke,CAN,190,73
8477407,Anthony,Duclair,10,L,L,1995-08-26,Pointe-Claire,CAN,197,71
8479591,Michael,Eyssimont,23,C,L,1996-09-09,Littleton,USA,201,72
8476822,Luke,Glendening,11,C,R,1989-04-28,Grand Rapids,USA,190,70
8479542,Brandon,Hagel,38,L,L,1998-08-27,Saskatoon,CAN,183,74
8479661,Tanner,Jeannot,84,L,L,1997-05-29,Estevan,CAN,220,74
8476453,Nikita,Kucherov,86,R,L,1993-06-17,Maykop,RUS,182,71
8477353,Tyler,Motte,64,C,L,1995-03-10,St. Clair,USA,194,70
8477426,Nicholas,Paul,20,L,L,1995-03-20,Mississauga,CAN,229,75
8478010,Brayden,Point,21,C,R,1996-03-13,Calgary,CAN,178,70
8477839,Conor,Sheary,73,L,L,1992-06-08,Winchester,USA,179,68
8474564,Steven,Stamkos,91,C,R,1990-02-07,Markham,CAN,193,73
8475766,Austin,Watson,51,L,R,1992-01-13,Ann Arbor,USA,238,76
8481720,Nick,Abruzzese,26,C,L,1999-06-04,Slate Hill,USA,180,71
8477479,Tyler,Bertuzzi,59,L,L,1995-02-24,Sudbury,CAN,200,74
8475160,Kyle,Clifford,43,L,L,1991-01-13,Ayr,CAN,218,74
8480980,Connor,Dewar,24,C,L,1999-06-26,The Pas,CAN,183,70
8477503,Max,Domi,11,C,L,1995-03-02,Winnipeg,CAN,208,70
8479580,Dylan,Gambrell,57,C,R,1996-08-26,Bonney Lake,USA,190,72
8483733,Nikita,Grebenkin,71,R,L,2003-05-02,Serov,RUS,195,74
8479393,Noah,Gregor,18,C,L,1998-07-28,Beaumont,CAN,192,72
8480995,Pontus,Holmberg,29,R,L,1999-03-09,Vasteras,SWE,188,72
8475714,Calle,Jarnkrok,19,C,R,1991-09-25,Gavle,SWE,190,72
8480144,David,Kampf,64,C,L,1995-01-12,Chomutov,CZE,190,74
8482720,Matthew,Knies,23,L,L,2002-10-17,Phoenix,USA,217,75
8478483,Mitch,Marner,16,R,R,1997-05-05,Markham,CAN,180,72
8479318,Auston,Matthews,34,C,L,1997-09-17,San Ramon,USA,215,75
8482259,Bobby,McMann,74,C,L,1996-06-15,Wainwright,CAN,210,74
8477939,William,Nylander,88,R,R,1996-05-01,Calgary,CAN,202,72
8471817,Ryan,Reaves,75,R,R,1987-01-20,Winnipeg,CAN,226,74
8481582,Nicholas,Robertson,89,L,L,2001-09-11,Pasadena,USA,178,69
8482634,Alex,Steeves,46,C,L,1999-12-10,Saint Paul,USA,196,72
8475166,John,Tavares,91,C,L,1990-09-20,Mississauga,CAN,211,73
8482496,Nils,Aman,88,C,L,2000-02-07,Avesta,SWE,179,74
8483395,Arshdeep,Bains,80,L,L,2001-01-09,Surrey,CAN,184,72
8476927,Teddy,Blueger,53,C,L,1994-08-15,Riga,LVA,185,72
8478444,Brock,Boeser,6,R,R,1997-02-25,Burnsville,USA,208,73
8476858,Phillip,Di Giuseppe,34,L,L,1993-10-09,Toronto,CAN,193,72
8478856,Conor,Garland,8,R,R,1996-03-11,Scituate,USA,165,70
8481535,Nils,Hoglander,21,L,L,2000-12-20,BOCKTRäSK,SWE,185,69
8478057,Dakota,Joshua,81,C,L,1996-05-15,Dearborn,USA,206,75
8481024,Linus,Karlsson,94,C,R,1999-11-16,Eksjö,SWE,178,73
8482918,Danila,Klimovich,46,R,R,2003-01-09,Pinsk,BLR,202,74
8478043,Sam,Lafferty,18,C,R,1995-03-06,Hollidaysburg,USA,205,74
8483476,Jonathan,Lekkerimaki,,R,R,2004-07-24,Tullinge,SWE,172,71
8477496,Elias,Lindholm,23,C,R,1994-12-02,Boden,SWE,202,73
8481624,Ilya,Mikheyev,65,R,L,1994-10-10,Omsk,RUS,192,74
8476468,J.T.,Miller,9,C,L,1993-03-14,East Palestine,USA,218,73
8480012,Elias,Pettersson,40,C,L,1998-11-12,Sundsvall,SWE,176,74
8481617,Vasily,Podkolzin,92,R,L,2001-06-24,Moscow,RUS,190,73
8482691,Aatu,Raty,27,C,L,2002-11-14,Oulu,FIN,190,74
8484136,Max,Sasson,,C,L,2000-09-05,Birmingham,USA,181,73
8480459,Pius,Suter,24,C,L,1996-05-24,Zurich,CHE,179,71
8478020,Michael,Amadio,22,R,R,1996-05-13,Sault Ste. Marie,CAN,200,73
8477964,Ivan,Barbashev,49,C,L,1995-12-14,Moscow,RUS,198,72
8482153,Brendan,Brisson,19,C,L,2001-10-22,Los Angeles,USA,191,72
8477478,William,Carrier,28,L,L,1994-12-20,LaSalle,CAN,220,74
8481032,Paul,Cotter,43,C,L,1999-11-16,Canton,USA,213,74
8480844,Grigori,Denisenko,54,L,R,2000-06-24,Novosibirsk,RUS,196,71
8481604,Pavel,Dorofeyev,16,L,L,2000-10-26,Nizhny Tagil,RUS,194,73
8478403,Jack,Eichel,9,C,R,1996-10-28,North Chelmsford,USA,203,74
8475278,Byron,Froese,51,C,R,1991-03-12,Winkler,CAN,195,72
8476881,Tomas,Hertl,48,C,L,1993-11-12,Praha,CZE,215,75
8479353,Brett,Howden,21,C,L,1998-03-29,Calgary,CAN,200,74
8476448,William,Karlsson,71,C,L,1993-01-08,Marsta,SWE,190,72
8478434,Keegan,Kolesar,55,R,R,1997-04-08,Brandon,CAN,216,74
8477511,Anthony,Mantha,39,R,L,1994-09-16,Longueuil,CAN,234,77
8476539,Jonathan,Marchessault,81,R,R,1990-12-27,Cap-Rouge,CAN,185,69
8481462,Mason,Morelli,11,L,L,1996-02-01,Minot,USA,198,73
8480007,Jonas,Rondbjerg,46,R,L,1999-03-31,Horsholm,DNK,202,74
8478462,Nicolas,Roy,10,C,R,1997-02-05,Amos,CAN,202,76
8476905,Chandler,Stephenson,20,C,L,1994-04-22,Saskatoon,CAN,209,72
8475913,Mark,Stone,61,R,R,1992-05-13,Winnipeg,CAN,212,75
8478891,Mason,Appleton,22,C,R,1996-01-15,Green Bay,USA,194,74
8480289,Morgan,Barron,36,C,L,1998-12-02,Halifax,CAN,220,76
8478398,Kyle,Connor,81,L,L,1996-12-09,Shelby Township,USA,183,73
8477940,Nikolaj,Ehlers,27,L,L,1996-02-14,Aalborg,DNK,172,72
8481019,David,Gustafsson,19,C,L,2000-04-11,Tingsryd,SWE,196,74
8480113,Alex,Iafallo,9,L,L,1993-12-21,Eden,USA,201,72
8479536,Axel,Jonsson-Fjallby,71,L,L,1998-02-10,Stockholm,SWE,189,73
8480845,Rasmus,Kupari,15,C,R,2000-03-15,Kotka,FIN,201,74
8476392,Adam,Lowry,17,C,L,1993-03-29,St. Louis,USA,210,77
8477497,Sean,Monahan,23,C,L,1994-10-12,Brampton,CAN,202,74
8476480,Vladislav,Namestnikov,7,C,L,1992-11-22,Zhukovskiy,RUS,181,72
8475799,Nino,Niederreiter,62,R,L,1992-09-08,Chur,CHE,218,74
8482149,Cole,Perfetti,91,C,L,2002-01-01,Whitby,CAN,185,71
8476460,Mark,Scheifele,55,C,R,1993-03-15,Kitchener,CAN,207,75
8475726,Tyler,Toffoli,73,C,R,1992-04-24,Scarborough,CAN,203,72
8480014,Gabriel,Vilardi,13,C,R,1999-08-16,Kingston,CAN,216,75
8477979,Nicolas,Aube-Kubel,96,R,R,1996-05-10,Slave Lake,CAN,207,72
8473563,Nicklas,Backstrom,19,C,L,1987-11-23,Gavle,SWE,202,73
8475343,Nic,Dowd,26,C,R,1990-05-27,Huntsville,USA,193,73
8479359,Beck,Malenstyn,47,L,L,1998-02-04,Delta,CAN,200,75
8481580,Connor,McMichael,24,C,L,2001-01-15,Ajax,CAN,180,72
8477947,Sonny,Milano,15,L,L,1996-05-12,Massapequa,USA,194,72
8471698,T.J.,Oshie,77,R,R,1986-12-23,Everett,USA,187,72
8471214,Alex,Ovechkin,8,L,R,1985-09-17,Moscow,RUS,238,75
8474157,Max,Pacioretty,67,L,L,1988-11-20,New Canaan,USA,217,74
8481656,Aliaksei,Protas,21,C,L,2001-01-06,Vitebsk,BLR,225,78
8475958,Michael,Sgarbossa,23,C,L,1992-07-25,Campbellville,CAN,179,72
8478440,Dylan,Strome,17,C,L,1997-03-07,Mississauga,CAN,200,75
8476880,Tom,Wilson,43,R,R,1994-03-29,Toronto,CAN,220,76
8475764,Cam,Fowler,4,D,L,1991-12-05,Windsor,CAN,215,74
8475462,Radko,Gudas,7,D,R,1990-06-05,Prague,CZE,208,72
8481605,Jackson,LaCombe,60,D,L,2001-01-09,Eden Prairie,USA,205,74
8478021,William,Lagesson,37,D,L,1996-02-22,Gothenburg,SWE,211,74
8480184,Gustav,Lindstrom,28,D,R,1998-10-20,Ostervala,SWE,194,74
8483490,Pavel,Mintyukov,34,D,L,2003-11-25,Moscow,RUS,195,73
8480001,Urho,Vaakanainen,5,D,L,1999-01-01,Joensuu,FIN,200,74
8482803,Olen,Zellweger,51,D,L,2003-09-10,Calgary,CAN,182,69
8477384,Josh,Brown,3,D,R,1994-01-21,London,CAN,220,77
8478408,Travis,Dermott,33,D,L,1996-12-22,Newmarket,CAN,202,72
8480434,Sean,Durzi,50,D,R,1998-10-21,Mississauga,CAN,195,72
8482655,J.J.,Moser,90,D,L,2000-06-06,Biel,CHE,173,73
8479976,Juuso,Valimaki,4,D,L,1998-10-06,Tampere,FIN,205,74
8480828,Michael,Callahan,79,D,L,1999-09-23,Franklin,USA,199,74
8478443,Brandon,Carlo,25,D,R,1996-11-26,Colorado Springs,USA,217,77
8475762,Derek,Forbort,28,D,L,1992-03-04,Duluth,USA,216,76
8476891,Matt,Grzelcyk,48,D,L,1994-01-05,Charlestown,USA,180,70
8476854,Hampus,Lindholm,27,D,L,1994-01-20,Helsingborg,SWE,224,76
8482511,Mason,Lohrei,6,D,L,2001-01-17,Baton Rouge,USA,211,77
8479325,Charlie,McAvoy,73,D,R,1997-12-21,Long Beach,USA,209,73
8480070,Ian,Mitchell,14,D,R,1999-01-18,St. Albert,CAN,192,72
8479369,Andrew,Peeke,52,D,R,1998-03-17,Parkland,USA,214,75
8474031,Kevin,Shattenkirk,12,D,R,1989-01-29,New Rochelle,USA,203,72
8478450,Parker,Wotherspoon,29,D,L,1997-08-24,Surrey,CAN,195,73
8480196,Jacob,Bryson,78,D,L,1997-11-18,London,CAN,174,69
8481524,Bowen,Byram,4,D,L,2001-06-13,Cranbrook,CAN,190,73
8479348,Kale,Clague,38,D,L,1998-06-05,Regina,CAN,190,72
8477365,Connor,Clifton,75,D,R,1995-04-28,Matawan,USA,192,71
8480839,Rasmus,Dahlin,26,D,L,2000-04-13,Lidkoping,SWE,204,75
8480035,Henri,Jokiharju,10,D,R,1999-06-17,Oulu,FIN,200,72
8482671,Owen,Power,25,D,L,2002-11-22,Mississauga,CAN,221,78
8480807,Mattias,Samuelsson,23,D,L,2000-03-14,Philadelphia,USA,224,76
8470613,Brent,Burns,8,D,R,1985-03-09,Barrie,CAN,230,77
8478970,Jalen,Chatfield,5,D,R,1996-05-15,Ypsilanti,USA,188,73
8479639,Dylan,Coghlan,15,D,R,1998-02-19,Duncan,CAN,208,74
8477950,Tony,DeAngelo,77,D,R,1995-10-24,Sewell,USA,180,71
8482666,Scott,Morrow,56,D,R,2002-11-01,Darien,USA,195,74
8475200,Dmitry,Orlov,7,D,L,1991-07-23,Novokuznetsk,RUS,214,71
8477488,Brett,Pesce,22,D,R,1994-11-15,Tarrytown,USA,206,75
8482187,Ronan,Seeley,91,D,L,2002-08-02,Yellowknife,CAN,176,72
8476869,Brady,Skjei,76,D,L,1994-03-26,Lakeville,USA,210,75
8476958,Jaccob,Slavin,74,D,L,1994-05-01,Denver,USA,207,75
8479402,Jake,Bean,22,D,L,1998-06-09,Calgary,CAN,191,73
8480871,Adam,Boqvist,27,D,R,2000-08-15,Falun,SWE,189,72
8475790,Erik,Gudbranson,44,D,R,1992-01-07,Ottawa,CAN,222,77
8478500,Ivan,Provorov,9,D,L,1997-01-13,Yaroslavl,RUS,220,73
8476923,Damon,Severson,78,D,R,1994-08-07,Melville,CAN,202,74
8478460,Zach,Werenski,8,D,L,1997-07-19,Grosse Pointe,USA,219,74
8478397,Rasmus,Andersson,4,D,R,1996-10-27,Malmo,SWE,202,73
8478502,Dennis,Gilbert,48,D,L,1996-10-30,Buffalo,USA,216,74
8477810,Joel,Hanley,44,D,L,1991-06-08,Keswick,CAN,186,71
8478430,Oliver,Kylington,58,D,L,1997-05-19,Stockholm,SWE,183,72
8482624,Daniil,Miromanov,62,D,R,1997-07-11,Moscow,RUS,207,76
8481537,Nikita,Okhotiuk,28,D,L,2000-12-04,Chelyabinsk,RUS,195,73
8481167,Brayden,Pachal,94,D,R,1999-08-23,Estevan,CAN,202,74
8482470,Ilya,Solovyov,98,D,L,2000-07-20,Mogilev,BLR,208,75
8477346,MacKenzie,Weegar,52,D,R,1994-01-07,Ottawa,CAN,206,72
8477495,Seth,Jones,4,D,R,1994-10-03,Arlington,USA,213,76
8483466,Kevin,Korchinski,55,D,L,2004-06-21,Saskatoon,CAN,185,73
8477034,Jaycob,Megna,24,D,L,1992-12-10,Plantation,USA,220,78
8476473,Connor,Murphy,5,D,R,1993-03-26,Dublin,USA,212,76
8475797,Jarred,Tinordi,25,D,L,1992-02-20,Millersville,USA,229,78
8481568,Alex,Vlasic,72,D,L,2001-06-05,Wilmette,USA,217,78
8479458,Nikita,Zaitsev,22,D,R,1991-10-29,Moscow,RUS,192,74
8482072,Jack,Ahcan,18,D,L,1997-05-18,Savage,USA,180,68
8479398,Samuel,Girard,49,D,L,1998-05-12,Roberval,CAN,170,70
8476779,Brad,Hunt,17,D,L,1988-08-24,Maple Ridge,CAN,177,69
8471677,Jack,Johnson,3,D,L,1987-01-13,Indianapolis,USA,227,73
8478452,Caleb,Jones,82,D,L,1997-06-06,Arlington,USA,194,73
8480069,Cale,Makar,8,D,R,1998-10-30,Calgary,CAN,187,72
8484258,Sam,Malinski,70,D,R,1998-07-27,Lakeville,USA,190,71
8476312,Josh,Manson,42,D,R,1991-10-07,Hinsdale,USA,218,75
8479387,Keaton,Middleton,67,D,L,1998-02-10,Edmonton,CAN,240,78
8478038,Devon,Toews,7,D,L,1994-02-21,Abbotsford,CAN,191,73
8480336,Sean,Walker,26,D,R,1994-11-13,Keswick,CAN,191,71
8483425,Lian,Bichsel,6,D,L,2004-05-18,Olten,CHE,233,78
8475825,Jani,Hakanpää,2,D,R,1992-03-31,Kirkkonummi,FIN,222,79
8481581,Thomas,Harley,55,D,L,2001-08-19,Syracuse,USA,206,76
8480036,Miro,Heiskanen,4,D,L,1999-07-18,Espoo,FIN,197,74
8476902,Esa,Lindell,23,D,L,1994-05-23,Vantaa,FIN,216,75
8480878,Nils,Lundkvist,5,D,R,2000-07-27,Pitea,SWE,190,73
8475755,Alexander,Petrovic,28,D,R,1992-03-03,Edmonton,CAN,208,77
8476884,Derrick,Pouliot,33,D,L,1994-01-16,Estevan,CAN,204,73
8470600,Ryan,Suter,20,D,L,1985-01-21,Madison,USA,201,73
8475690,Chris,Tanev,3,D,R,1989-12-20,Toronto,CAN,193,74
8475279,Ben,Chiarot,8,D,L,1991-05-09,Hamilton,CAN,224,75
8482762,Simon,Edvinsson,77,D,L,2003-02-05,Kungsbacka,SWE,209,78
8476906,Shayne,Gostisbehere,41,D,L,1993-04-20,Pembroke Pines,USA,183,71
8475718,Justin,Holl,3,D,R,1992-01-30,Tonka Bay,USA,194,76
8476874,Olli,Maatta,2,D,L,1994-08-22,Jyväskylä,FIN,207,74
8473507,Jeff,Petry,46,D,R,1987-12-09,Ann Arbor,USA,208,75
8481542,Moritz,Seider,53,D,R,2001-04-06,Zell,DEU,205,75
8478013,Jake,Walman,96,D,L,1996-02-20,Toronto,CAN,218,73
8480803,Evan,Bouchard,2,D,R,1999-10-20,Oakville,CAN,192,75
8481598,Philip,Broberg,86,D,L,2001-06-25,Orebro,SWE,212,76
8476879,Cody,Ceci,5,D,R,1993-12-21,Ottawa,CAN,210,75
8479576,Vincent,Desharnais,73,D,R,1996-05-29,Laval,CAN,226,79
8479341,Cam,Dineen,85,D,L,1998-06-19,Toms River,USA,188,71
8475218,Mattias,Ekholm,14,D,L,1990-05-24,Borlange,SWE,225,77
8479416,Ben,Gleason,6,D,L,1998-03-25,Ortonville,USA,190,73
8480274,Philip,Kemp,76,D,R,1999-02-12,Greenwich,USA,202,75
8476967,Brett,Kulak,27,D,L,1994-01-06,Edmonton,CAN,192,74
8477498,Darnell,Nurse,25,D,L,1995-02-04,Hamilton,CAN,215,76
8479442,Troy,Stecher,51,D,R,1994-04-07,Richmond,CAN,184,70
8484304,Uvis,Balinskis,26,D,L,1996-08-01,Ventspils,LVA,196,72
8482107,Mike,Benning,44,D,R,2002-01-05,Edmonton,CAN,185,69
8481600,Tobias,Bjornfot,2,D,L,2001-04-06,Upplands Vasby,SWE,200,73
8477932,Aaron,Ekblad,5,D,R,1996-02-07,Windsor,CAN,215,76
8475171,Oliver,Ekman-Larsson,91,D,L,1991-07-17,Karlskrona,SWE,191,74
8478055,Gustav,Forsling,42,D,L,1996-06-12,Linkoping,SWE,195,72
8482641,Matt,Kiersted,3,D,L,1998-04-14,Elk River,USA,181,72
8475179,Dmitry,Kulikov,7,D,L,1990-10-29,Lipetsk,RUS,201,73
8479372,Josh,Mahura,28,D,L,1998-05-05,St. Albert,CAN,193,72
8478859,Niko,Mikkola,77,D,L,1996-04-27,Kiiminki,FIN,206,77
8477986,Brandon,Montour,62,D,R,1994-04-11,Brantford,CAN,199,72
8479998,Mikey,Anderson,44,D,L,1999-05-25,Roseville,USA,195,72
8482730,Brandt,Clarke,92,D,R,2003-02-09,Nepean,CAN,200,74
8474563,Drew,Doughty,8,D,R,1989-12-08,London,CAN,210,73
8477971,Andreas,Englund,5,D,L,1996-01-21,Stockholm,SWE,200,76
8478882,Vladislav,Gavrikov,84,D,L,1995-11-21,Yaroslavl,RUS,220,75
8479421,Jacob,Moverare,43,D,L,1998-08-31,Ostersund,SWE,210,75
8478911,Matt,Roy,3,D,R,1995-03-01,Detroit,USA,210,74
8481606,Jordan,Spence,21,D,R,2001-02-24,Manly,AUS,180,71
8474567,Zach,Bogosian,24,D,R,1990-07-15,Massena,USA,231,75
8476463,Jonas,Brodin,25,D,L,1993-07-12,Karlstad,SWE,196,74
8480990,Declan,Chisholm,47,D,L,2000-01-12,Bowmanville,CAN,190,73
8482122,Brock,Faber,7,D,R,2002-08-22,Maple Grove,USA,200,73
8471274,Alex,Goligoski,33,D,L,1985-07-30,Grand Rapids,USA,173,71
8477541,Dakota,Mermis,6,D,L,1994-01-05,Alton,USA,195,72
8475750,Jon,Merrill,4,D,L,1992-02-03,Oklahoma City,USA,204,75
8478136,Jake,Middleton,5,D,L,1996-01-02,Wainwright,CAN,219,75
8474716,Jared,Spurgeon,46,D,R,1989-11-29,Edmonton,CAN,166,69
8482087,Kaiden,Guhle,21,D,L,2002-01-18,Edmonton,CAN,201,75
8480887,Jordan,Harris,54,D,L,2000-07-07,Haverhill,USA,189,71
8483457,Lane,Hutson,48,D,L,2004-02-14,Holland,USA,158,69
8480192,Johnathan,Kovacevic,26,D,R,1997-07-12,Hamilton,CAN,223,77
8476875,Mike,Matheson,8,D,L,1994-02-27,Pointe-Claire,CAN,196,74
8475233,David,Savard,58,D,R,1990-10-22,St-Hyacinthe,CAN,238,73
8482964,Arber,Xhekaj,72,D,L,2001-01-30,Hamilton,CAN,240,76
8480860,Kevin,Bahl,88,D,L,2000-06-27,New Westminster,CAN,230,78
8480084,Nick,DeSimone,57,D,R,1994-11-21,East Amherst,USA,185,74
8476462,Dougie,Hamilton,7,D,R,1993-06-17,Toronto,CAN,230,78
8482684,Luke,Hughes,43,D,L,2003-09-09,Manchester,USA,198,74
8478507,John,Marino,6,D,R,1997-05-21,North Easton,USA,181,73
8483495,Simon,Nemec,17,D,R,2004-02-15,Liptovský Mikuláš,SVK,190,73
8478399,Jonas,Siegenthaler,71,D,L,1997-05-06,Zurich,CHE,218,74
8474090,Brendan,Smith,2,D,L,1989-02-08,Mimico,CAN,200,74
8475197,Tyson,Barrie,22,D,R,1991-07-26,Victoria,CAN,197,71
8478851,Alexandre,Carrier,45,D,R,1996-10-08,Quebec City,CAN,174,71
8479371,Dante,Fabbro,57,D,R,1998-06-20,Coquitlam,CAN,189,72
8474600,Roman,Josi,59,D,L,1990-06-01,Bern,CHE,201,73
8478468,Jeremy,Lauzon,3,D,L,1997-04-28,Val-d'Or,CAN,225,75
8474568,Luke,Schenn,2,D,R,1989-11-02,Saskatoon,CAN,225,74
8480222,Sebastian,Aho,25,D,L,1996-02-17,Umea,SWE,180,70
8481541,Samuel,Bolduc,4,D,L,2000-12-09,Laval,CAN,220,76
8474145,Robert,Bortuzzo,41,D,R,1989-03-18,Thunder Bay,CAN,216,76
8479395,Dennis,Cholowski,7,D,L,1998-02-15,Langley,CAN,210,74
8480865,Noah,Dobson,8,D,R,2000-01-07,Summerside,CAN,200,76
8476429,Scott,Mayfield,24,D,R,1992-10-14,St. Louis,USA,220,77
8476917,Adam,Pelech,3,D,L,1994-08-16,Toronto,CAN,210,75
8477506,Ryan,Pulock,6,D,R,1994-10-06,Dauphin,CAN,216,74
8476422,Mike,Reilly,2,D,L,1993-07-13,Chicago,USA,196,73
8481014,Alexander,Romanov,28,D,L,2000-01-06,Moscow,RUS,215,73
8480071,Robin,Salo,2,D,L,1998-10-13,Espoo,FIN,191,73
8479323,Adam,Fox,23,D,R,1998-02-17,Jericho,USA,185,71
8476979,Erik,Gustafsson,56,D,L,1992-03-14,Nynashamn,SWE,189,73
8477433,Ben,Harpur,5,D,L,1995-01-12,Hamilton,CAN,230,78
8481708,Zac,Jones,6,D,L,2000-10-18,Richmond,USA,176,70
8479324,Ryan,Lindgren,55,D,L,1998-02-11,Burnsville,USA,193,72
8482067,Connor,Mackey,14,D,L,1996-09-12,Tower Lakes,USA,204,75
8480817,K'Andre,Miller,79,D,L,2000-01-21,St. Paul,USA,210,77
8481525,Matthew,Robertson,44,D,L,2001-03-09,Edmonton,CAN,209,76
8477244,Chad,Ruhwedel,5,D,R,1990-05-07,San Diego,USA,191,71
8483407,Brandon,Scanlin,58,D,L,1999-06-02,Hamilton,CAN,218,76
8482073,Braden,Schneider,4,D,R,2001-09-20,Prince Albert,CAN,211,75
8476885,Jacob,Trouba,8,D,R,1994-02-26,Rochester,USA,209,75
8480879,Jacob,Bernard-Docker,24,D,R,2000-06-30,Canmore,CAN,190,72
8480073,Erik,Brannstrom,26,D,L,1999-09-02,Eksjo,SWE,185,70
8478469,Thomas,Chabot,72,D,L,1997-01-30,Sainte-Marie,CAN,203,74
8479345,Jakob,Chychrun,6,D,L,1998-03-31,Boca Raton,USA,205,74
8474612,Travis,Hamonic,23,D,R,1990-08-16,St. Malo,CAN,200,73
8482105,Jake,Sanderson,85,D,L,2002-07-08,Whitefish,USA,203,74
8482245,Artem,Zub,2,D,R,1995-10-03,Khabarovsk,RUS,204,75
8482142,Jamie,Drysdale,9,D,R,2002-04-08,Toronto,CAN,185,71
8475176,Ryan,Ellis,94,D,R,1991-01-03,Hamilton,CAN,180,70
8473446,Erik,Johnson,77,D,R,1988-03-21,Bloomington,USA,225,76
8477499,Rasmus,Ristolainen,55,D,R,1994-10-27,Turku,FIN,208,76
8477948,Travis,Sanheim,6,D,L,1996-03-29,Elkhorn,CAN,222,76
8476372,Nick,Seeler,24,D,L,1993-06-03,Eden Prairie,USA,197,75
8471686,Marc,Staal,18,D,L,1987-01-13,Thunder Bay,CAN,208,76
8481546,Cam,York,8,D,L,2001-01-05,Anaheim,USA,194,72
8481178,Egor,Zamula,5,D,L,2000-03-30,Chelyabinsk,RUS,200,75
8477435,Ryan,Graves,27,D,L,1995-05-21,Yarmouth,CAN,220,77
8480058,Pierre-Olivier,Joseph,73,D,L,1999-07-01,Laval,CAN,185,74
8474578,Erik,Karlsson,65,D,R,1990-05-31,Landsbro,SWE,190,72
8471724,Kris,Letang,58,D,R,1987-04-24,Montréal,CAN,201,72
8481206,John,Ludvig,7,D,L,2000-08-02,Liberec,CZE,213,73
8477969,Marcus,Pettersson,28,D,L,1996-05-08,Skelleftea,SWE,177,75
8478840,Will,Borgen,3,D,R,1996-12-19,Moorhead,USA,204,75
8475208,Brian,Dumoulin,8,D,L,1991-09-06,Biddeford,USA,207,76
8478407,Vince,Dunn,29,D,L,1996-10-29,Mississauga,CAN,200,72
8476457,Adam,Larsson,6,D,R,1992-11-12,Skelleftea,SWE,209,75
8476467,Jamie,Oleksiak,24,D,L,1992-12-21,Toronto,CAN,257,79
8474602,Justin,Schultz,4,D,R,1990-07-06,Kelowna,CAN,190,74
8480884,Calen,Addison,33,D,R,2000-04-11,Brandon,CAN,173,71
8476988,Matt,Benning,5,D,R,1994-05-25,Edmonton,CAN,203,73
8477335,Kyle,Burroughs,4,D,R,1995-07-12,Vancouver,CAN,193,72
8480834,Ty,Emberson,6,D,R,2000-05-23,Eau Claire,USA,193,74
8479983,Mario,Ferraro,38,D,L,1998-09-17,Toronto,CAN,209,72
8479439,Jacob,MacDonald,9,D,L,1993-02-26,Portland,USA,204,72
8480172,Jan,Rutta,84,D,R,1990-07-29,Pisek,CZE,204,75
8481567,Henry,Thrun,3,D,L,2001-03-12,Southborough,USA,190,74
8471709,Marc-Edouard,Vlasic,44,D,L,1987-03-30,Montréal,CAN,205,73
8475753,Justin,Faulk,72,D,R,1992-03-20,South St. Paul,USA,214,72
8476792,Torey,Krug,47,D,L,1991-04-12,Livonia,USA,194,69
8475181,Nick,Leddy,4,D,L,1991-03-20,Eden Prairie,USA,205,72
8476892,Colton,Parayko,55,D,R,1993-05-12,St. Albert,CAN,228,78
8481059,Scott,Perunovich,48,D,L,1998-08-18,Hibbing,USA,175,70
8474618,Marco,Scandella,6,D,L,1990-02-23,Montréal,CAN,212,75
8481006,Tyler,Tucker,75,D,L,2000-03-01,Thunder Bay,CAN,204,73
8478416,Erik,Cernak,81,D,R,1997-05-28,Kosice,SVK,230,75
8475177,Calvin,de Haan,44,D,L,1991-05-09,Carp,CAN,192,73
8476856,Mathew,Dumba,24,D,R,1994-07-25,Regina,CAN,181,72
8477938,Haydn,Fleury,7,D,L,1996-07-08,Carlyle,CAN,207,76
8475167,Victor,Hedman,77,D,L,1990-12-18,Ornskoldsvik,SWE,246,79
8474151,Ryan,McDonagh,27,D,L,1989-06-13,St. Paul,USA,215,73
8480246,Nick,Perbix,48,D,R,1998-06-15,Elk River,USA,202,75
8478178,Darren,Raddysh,43,D,R,1996-02-28,Toronto,CAN,195,73
8479410,Mikhail,Sergachev,98,D,L,1998-06-25,Nizhnekamsk,RUS,211,75
8481122,Simon,Benoit,2,D,L,1998-09-19,Laval,CAN,205,76
8474673,TJ,Brodie,78,D,L,1990-06-07,Chatham,CAN,187,74
8476441,Joel,Edmundson,20,D,L,1993-06-28,Brandon,CAN,221,77
8470966,Mark,Giordano,55,D,L,1983-10-03,Toronto,CAN,202,72
8475906,John,Klingberg,3,D,R,1992-08-14,Gothenburg,SWE,185,74
8481614,Mikko,Kokkonen,84,D,L,2001-01-18,Mikkeli,FIN,200,72
8479320,Max,Lajoie,48,D,L,1997-11-05,Quebec City,CAN,191,73
8480043,Timothy,Liljegren,37,D,R,1999-04-30,Kristianstad,SWE,190,73
8480950,Ilya,Lyubushkin,46,D,R,1994-04-06,Moscow,RUS,200,74
8476931,Jake,McCabe,22,D,L,1993-10-12,Eau Claire,USA,211,73
8474162,Jake,Muzzin,8,D,L,1989-02-21,Woodstock,CAN,227,75
8482158,Topi,Niemela,47,D,R,2002-03-25,Oulu,FIN,179,72
8476853,Morgan,Rielly,44,D,L,1994-03-09,Vancouver,CAN,225,73
8483546,Marshall,Rifai,83,D,L,1998-03-16,Beaconsfield,CAN,205,74
8479982,Conor,Timmins,25,D,R,1998-09-18,St. Catharines,CAN,206,74
8481570,Cade,Webber,52,D,L,2001-01-05,Worcester,USA,210,79
8482824,Nick,Cicek,,D,L,2000-05-29,Winnipeg,CAN,201,75
8474013,Ian,Cole,82,D,L,1989-02-21,Ann Arbor,USA,225,73
8478017,Mark,Friedman,51,D,R,1995-12-25,Toronto,CAN,185,71
8479425,Filip,Hronek,17,D,R,1997-11-02,Hradec Kralove,CZE,190,72
8480800,Quinn,Hughes,43,D,L,1999-10-14,Orlando,USA,180,70
8475625,Matt,Irwin,52,D,L,1987-11-29,Victoria,CAN,200,74
8478454,Noah,Juulsen,47,D,R,1997-04-02,Surrey,CAN,201,74
8484287,Cole,McWard,48,D,R,2001-06-09,Fenton,USA,192,73
8474574,Tyler,Myers,57,D,R,1990-02-01,Houston,USA,229,80
8483678,Elias,Pettersson,,D,L,2004-02-16,Vasteras,SWE,185,74
8477359,Tucker,Poolman,5,D,R,1993-06-08,Dubuque,USA,199,74
8477369,Carson,Soucy,7,D,L,1994-07-27,Viking,CAN,208,77
8478846,Christian,Wolanin,86,D,L,1995-03-17,Quebec City,CAN,190,74
8477507,Nikita,Zadorov,91,D,L,1995-04-16,Moscow,RUS,248,78
8479980,Nicolas,Hague,14,D,L,1998-12-05,Kitchener,CAN,240,78
8478396,Noah,Hanifin,15,D,L,1997-01-25,Boston,USA,207,75
8477018,Ben,Hutton,17,D,L,1993-04-20,Brockville,CAN,201,75
8481527,Kaedan,Korczak,6,D,R,2001-01-29,Yorkton,CAN,201,75
8474166,Alec,Martinez,23,D,L,1987-07-26,Rochester Hills,USA,210,73
8478062,Dysin,Mayo,65,D,R,1996-08-17,Victoria,CAN,189,72
8475188,Brayden,McNabb,3,D,L,1991-01-21,Davidson,CAN,215,76
8474565,Alex,Pietrangelo,7,D,R,1990-01-18,King City,CAN,215,75
8482138,Christoffer,Sedoff,15,D,L,2002-02-20,Helsinki,FIN,201,73
8477447,Shea,Theodore,27,D,L,1995-08-03,Aldergrove,CAN,197,74
8480727,Zach,Whitecloud,2,D,R,1996-11-28,Brandon,CAN,218,74
8476331,Dylan,DeMelo,2,D,R,1993-05-01,London,CAN,194,73
8475455,Brenden,Dillon,5,D,L,1990-11-13,New Westminster,CAN,225,76
8476525,Colin,Miller,6,D,R,1992-10-29,Sault Ste. Marie,CAN,200,73
8477504,Josh,Morrissey,44,D,L,1995-03-28,Calgary,CAN,195,72
8480145,Neal,Pionk,4,D,R,1995-07-29,Omaha,USA,190,72
8480049,Dylan,Samberg,54,D,L,1999-01-24,Saginaw,USA,216,76
8477220,Nate,Schmidt,88,D,L,1991-07-16,St. Cloud,USA,192,72
8479378,Logan,Stanley,64,D,L,1998-05-26,Waterloo,CAN,231,79
8480823,Alexander,Alexeyev,27,D,L,1999-11-15,St. Petersburg,RUS,213,76
8478451,Ethan,Bear,25,D,R,1997-06-26,Regina,CAN,197,71
8474590,John,Carlson,74,D,R,1990-01-10,Natick,USA,215,75
8480796,Martin,Fehervary,42,D,L,1999-10-06,Bratislava,SVK,199,74
8475324,Nick,Jensen,3,D,R,1990-09-21,Rogers,USA,205,73
8480873,Rasmus,Sandin,38,D,L,2000-03-07,Uppsala,SWE,182,71
8477845,Trevor,van Riemsdyk,57,D,R,1991-07-24,Middletown,USA,191,75
8480843,Lukas,Dostal,1,G,L,2000-06-22,Brno,CZE,188,74
8476434,John,Gibson,36,G,L,1993-07-14,Pittsburgh,USA,210,74
8478971,Connor,Ingram,39,G,L,1997-03-31,Saskatoon,CAN,196,74
8478872,Karel,Vejmelka,70,G,R,1996-05-25,Trebic,CZE,224,76
8483548,Brandon,Bussi,30,G,R,1998-06-25,Sound Beach,USA,218,76
8480022,Michael,DiPietro,80,G,L,1999-06-09,Windsor,CAN,207,73
8480280,Jeremy,Swayman,1,G,L,1998-11-24,Anchorage,USA,195,75
8476999,Linus,Ullmark,35,G,L,1993-07-31,Lugnvik,SWE,213,76
8477480,Eric,Comrie,31,G,L,1995-07-06,Edmonton,CAN,190,73
8480045,Ukko-Pekka,Luukkonen,1,G,L,1999-03-09,Espoo,FIN,217,77
8475883,Frederik,Andersen,31,G,L,1989-10-02,Herning,DNK,238,76
8481611,Pyotr,Kochetkov,52,G,L,1999-06-25,Penza,RUS,205,75
8477484,Spencer,Martin,41,G,L,1995-06-08,Oakville,CAN,191,75
8477293,Antti,Raanta,32,G,L,1989-05-12,Rauma,FIN,195,72
8478007,Elvis,Merzlikins,90,G,L,1994-04-13,Riga,LVA,184,75
8480193,Daniil,Tarasov,40,G,L,1999-03-27,Novokuznetsk,RUS,201,77
8474593,Jacob,Markstrom,25,G,L,1990-01-31,Gavle,SWE,207,78
8478435,Dan,Vladar,80,G,L,1997-08-20,Prague,CZE,209,77
8475852,Petr,Mrazek,34,G,L,1992-02-14,Ostrava,CZE,188,74
8482821,Arvid,Soderblom,40,G,L,1999-08-19,Göteborg,SWE,180,75
8481020,Justus,Annunen,60,G,L,2000-03-11,Kempele,FIN,210,76
8480382,Alexandar,Georgiev,40,G,L,1996-02-10,Ruse,BGR,178,73
8480244,Arvid,Holm,31,G,L,1998-11-03,Ljungby,SWE,190,77
8481529,Trent,Miner,34,G,L,2001-02-05,Brandon,CAN,185,73
8481031,Ivan,Prosvetov,50,G,L,1999-03-05,Moscow,RUS,195,77
8483575,Matt,Murray,32,G,L,1998-02-02,St. Albert,CAN,196,73
8479979,Jake,Oettinger,29,G,L,1998-12-18,Lakeville,USA,224,78
8482465,Remi,Poirier,31,G,L,2001-10-06,Farnham,CAN,206,74
8475809,Scott,Wedgewood,41,G,L,1992-08-14,Brampton,CAN,201,74
8478024,Ville,Husso,35,G,L,1995-02-06,Helsinki,FIN,205,75
8479312,Alex,Lyon,34,G,L,1992-12-09,Baudette,USA,196,73
8473503,James,Reimer,47,G,L,1988-03-15,Morweena,CAN,200,74
8475789,Jack,Campbell,36,G,L,1992-01-09,Port Huron,USA,200,75
8475717,Calvin,Pickard,30,G,L,1992-04-15,Moncton,CAN,206,73
8480885,Olivier,Rodrigue,35,G,L,2000-07-06,Chicoutimi,CAN,158,73
8479973,Stuart,Skinner,74,G,L,1998-11-01,Edmonton,CAN,230,76
8475683,Sergei,Bobrovsky,72,G,L,1988-09-20,Novokuznetsk,RUS,188,74
8476433,Magnus,Hellberg,35,G,L,1991-04-04,Uppsala,SWE,220,78
8481519,Spencer,Knight,30,G,L,2001-04-19,Darien,USA,192,75
8476932,Anthony,Stolarz,41,G,L,1994-01-20,Edison,USA,243,78
8477831,Pheonix,Copley,29,G,L,1992-01-18,North Pole,USA,205,76
8479496,David,Rittich,31,G,L,1992-08-19,Jihlava,CZE,205,76
8475660,Cam,Talbot,39,G,L,1987-07-05,Caledonia,CAN,200,76
8470594,Marc-Andre,Fleury,29,G,L,1984-11-28,Sorel,CAN,185,74
8479406,Filip,Gustavsson,32,G,L,1998-06-07,Skelleftea,SWE,184,74
8478470,Sam,Montembeault,35,G,L,1996-10-30,Becancour,CAN,222,75
8480051,Cayden,Primeau,30,G,L,1999-08-11,Farmington Hills,USA,207,75
8474596,Jake,Allen,34,G,L,1990-08-07,Fredericton,CAN,197,74
8478039,Kaapo,Kahkonen,31,G,L,1996-08-16,Helsinki,FIN,217,74
8484274,Gustavs,Grigals,39,G,L,1998-07-22,Riga,LVA,196,74
8480947,Kevin,Lankinen,32,G,L,1995-04-28,Helsinki,FIN,190,74
8477424,Juuse,Saros,74,G,L,1995-04-19,Forssa,FIN,180,71
8480819,Jakub,Skarek,1,G,L,1999-11-10,Jihlava,CZE,206,76
8478009,Ilya,Sorokin,30,G,L,1995-08-04,Mezhdurechensk,RUS,195,75
8473575,Semyon,Varlamov,40,G,L,1988-04-27,Samara,RUS,205,74
8475839,Louis,Domingue,70,G,R,1992-03-06,St-Hyacinthe,CAN,209,75
8482193,Dylan,Garand,33,G,L,2002-06-07,Victoria,CAN,177,75
8471734,Jonathan,Quick,32,G,L,1986-01-21,Milford,USA,215,73
8478048,Igor,Shesterkin,31,G,L,1995-12-30,Moscow,RUS,197,73
8476341,Anton,Forsberg,31,G,L,1992-11-27,Härnösand,SWE,195,75
8476914,Joonas,Korpisalo,70,G,L,1994-04-28,Pori,FIN,189,75
8481035,Samuel,Ersson,33,G,L,1999-10-20,Falun,SWE,194,75
8478905,Ivan,Fedotov,82,G,L,1996-11-28,,RUS,214,79
8477465,Tristan,Jarry,,G,L,1995-04-29,Surrey,CAN,194,74
8477968,Alex,Nedeljkovic,35,G,L,1996-01-07,Parma,USA,208,72
8478916,Joey,Daccord,39,G,L,1996-08-19,Boston,USA,201,74
8475831,Philipp,Grubauer,35,G,L,1991-11-25,Rosenheim,DEU,188,73
8478406,Mackenzie,Blackwood,31,G,L,1996-12-09,Thunder Bay,CAN,225,76
8482445,Devin,Cooley,29,G,L,1997-05-25,Los Gatos,USA,192,77
8477970,Vitek,Vanecek,1,G,L,1996-01-09,Havlickuv Brod,CZE,184,74
8476412,Jordan,Binnington,41,G,L,1993-07-11,Richmond Hill,CAN,172,74
8480981,Joel,Hofer,50,G,L,2000-07-30,Winnipeg,CAN,179,77
8477992,Jonas,Johansson,30,G,L,1995-09-19,Gavle,SWE,219,77
8476883,Andrei,Vasilevskiy,31,G,L,1994-07-25,Tyumen,RUS,220,76
8483710,Dennis,Hildeby,88,G,L,2001-08-19,Jarfalla,SWE,222,79
8474889,Martin,Jones,41,G,L,1990-01-10,North Vancouver,CAN,203,77
8476899,Matt,Murray,31,G,L,1994-05-25,Thunder Bay,CAN,203,77
8478492,Ilya,Samsonov,30,G,L,1997-02-22,Magnitogorsk,RUS,217,75
8479361,Joseph,Woll,35,G,L,1998-07-12,Dardenne Prairie,USA,202,75
8477967,Thatcher,Demko,60,G,L,1995-12-08,San Diego,USA,192,76
8479193,Casey,DeSmith,35,G,L,1991-08-13,Rochester,USA,181,72
8479313,Zach,Sawchenko,29,G,L,1997-12-30,Calgary,CAN,185,73
8481668,Arturs,Silovs,36,G,L,2001-03-22,Riga,LVA,203,76
8484268,Nikita,Tolopilo,31,G,L,2000-04-06,Minsk,BLR,229,78
8478499,Adin,Hill,60,G,L,1996-05-11,Comox,CAN,215,76
8480238,Jiri,Patera,33,G,L,1999-02-24,Praha,CZE,212,75
8481520,Isaiah,Saville,30,G,R,2000-09-21,Anchorage,USA,207,73
8480313,Logan,Thompson,31,G,R,1997-02-25,Calgary,CAN,205,76
8482484,Jesper,Vikman,36,G,L,2002-03-11,Danderyd,SWE,205,76
8476316,Laurent,Brossoit,32,G,L,1993-03-23,Port Alberni,CAN,203,75
8476945,Connor,Hellebuyck,39,G,L,1993-05-19,Commerce,USA,207,76
8475311,Darcy,Kuemper,37,G,L,1990-05-05,Saskatoon,CAN,215,77
8479292,Charlie,Lindgren,35,G,R,1993-12-18,Lakeville,USA,179,74
