player_id,current_team,first_name,last_name,draft_year,draft_team,draft_round,pick_in_round,pick_overall
8484153,ANA,Leo,Carlsson,2023,ANA,1,2,2
8482118,ANA,Sam,Colangelo,2020,ANA,2,5,36
8483445,ANA,Cutter,Gauthier,2022,PHI,1,5,5
8480870,ANA,Bo,Groulx,2018,ANA,2,23,54
8477527,ANA,Ross,Johnston,NaN,NaN,NaN,NaN,NaN
8479368,ANA,Max,Jones,2016,ANA,1,24,24
8473986,ANA,Alex,Killorn,2007,TBL,3,16,77
8481517,ANA,Brett,Leason,2019,WSH,2,25,56
8480806,ANA,Isac,Lundestrom,2018,ANA,1,23,23
8476934,ANA,Brock,McGinn,2012,CAR,2,17,47
8482745,ANA,Mason,McTavish,2021,ANA,1,3,3
8483570,ANA,Ben,Meyers,NaN,NaN,NaN,NaN,NaN
8475164,ANA,Jakob,Silfverberg,2009,OTT,2,9,39
8476458,ANA,Ryan,Strome,2011,NYI,1,5,5
8478873,ANA,Troy,Terry,2015,ANA,5,27,148
8478366,ANA,Frank,Vatrano,NaN,NaN,NaN,NaN,NaN
8481533,ANA,Trevor,Zegras,2019,ANA,1,9,9
8475760,ARI,Nick,Bjugstad,2010,FLA,1,19,19
8476329,ARI,Travis,Boyd,2011,WSH,6,26,177
8479619,ARI,Michael,Carcone,NaN,NaN,NaN,NaN,NaN
8483431,ARI,Logan,Cooley,2022,ARI,1,3,3
8478474,ARI,Lawson,Crouse,2015,FLA,1,11,11
8480849,ARI,Barrett,Hayton,2018,ARI,1,5,5
8479343,ARI,Clayton,Keller,2016,ARI,1,7,7
8477021,ARI,Alex,Kerfoot,2012,NJD,5,29,150
8483483,ARI,Julian,Lutz,2022,ARI,2,11,43
8481711,ARI,Matias,Maccelli,2019,ARI,4,5,98
8480855,ARI,Jack,McBain,2018,MIN,3,1,63
8477070,ARI,Liam,O'Brien,NaN,NaN,NaN,NaN,NaN
8477951,ARI,Nick,Schmaltz,2014,CHI,1,20,20
8483652,BOS,Joey,Abate,NaN,NaN,NaN,NaN,NaN
8481556,BOS,John,Beecher,2019,BOS,1,30,30
8480003,BOS,Jesper,Boqvist,2017,NJD,2,5,36
8479638,BOS,Justin,Brazeau,NaN,NaN,NaN,NaN,NaN
8477887,BOS,Patrick,Brown,NaN,NaN,NaN,NaN,NaN
8475745,BOS,Charlie,Coyle,2010,SJS,1,28,28
8478498,BOS,Jake,DeBrusk,2015,BOS,1,14,14
8479365,BOS,Trent,Frederic,2016,BOS,1,29,29
8479987,BOS,Morgan,Geekie,2017,CAR,3,5,67
8478046,BOS,Danton,Heinen,2014,BOS,4,26,116
8482479,BOS,Trevor,Kuntar,2020,BOS,3,27,89
8480880,BOS,Jakub,Lauko,2018,BOS,3,15,77
8473419,BOS,Brad,Marchand,2006,BOS,3,8,71
8474034,BOS,Pat,Maroon,2007,PHI,6,10,161
8483397,BOS,Marc,McLaughlin,NaN,NaN,NaN,NaN,NaN
8477126,BOS,Jayson,Megna,NaN,NaN,NaN,NaN,NaN
8483567,BOS,Georgii,Merkulov,NaN,NaN,NaN,NaN,NaN
8477956,BOS,David,Pastrnak,2014,BOS,1,25,25
8483505,BOS,Matthew,Poitras,2022,BOS,2,22,54
8479546,BOS,Oskar,Steen,2016,BOS,6,14,165
8474037,BOS,James,van Riemsdyk,2007,PHI,1,2,2
8478401,BOS,Pavel,Zacha,2015,NJD,1,6,6
8484145,BUF,Zach,Benson,2023,BUF,1,13,13
8481528,BUF,Dylan,Cozens,2019,BUF,1,7,7
8476878,BUF,Zemgus,Girgensons,2012,BUF,1,14,14
8478413,BUF,Jordan,Greenway,2015,MIN,2,20,50
8479370,BUF,Tyson,Jost,2016,COL,1,10,10
8481522,BUF,Peyton,Krebs,2019,VGK,1,17,17
8478109,BUF,Victor,Olofsson,2014,BUF,7,1,181
8482175,BUF,JJ,Peterka,2020,BUF,2,3,34
8482097,BUF,Jack,Quinn,2020,BUF,1,8,8
8480762,BUF,Eric,Robinson,NaN,NaN,NaN,NaN,NaN
8475784,BUF,Jeff,Skinner,2010,CAR,1,7,7
8479420,BUF,Tage,Thompson,2016,STL,1,26,26
8477949,BUF,Alex,Tuch,2014,MIN,1,18,18
8478427,CAR,Sebastian,Aho,2015,CAR,2,5,35
8482809,CAR,Jackson,Blake,2021,CAR,4,13,109
8480031,CAR,Maxime,Comtois,2017,ANA,2,19,50
8480835,CAR,Jack,Drury,2018,CAR,2,11,42
8475855,CAR,Jesper,Fast,2010,NYR,6,7,157
8477404,CAR,Jake,Guentzel,2013,PIT,3,16,77
8482093,CAR,Seth,Jarvis,2020,CAR,1,13,13
8480829,CAR,Jesperi,Kotkaniemi,2018,MTL,1,3,3
8475744,CAR,Evgeny,Kuznetsov,2010,WSH,1,26,26
8477962,CAR,Brendan,Lemieux,2014,BUF,2,1,31
8476921,CAR,Jordan,Martinook,2012,PHX,2,28,58
8484203,CAR,Bradly,Nadeau,2023,CAR,1,30,30
8480039,CAR,Martin,Necas,2017,CAR,1,12,12
8476474,CAR,Stefan,Noesen,2011,OTT,1,21,21
8473533,CAR,Jordan,Staal,2006,PIT,1,2,2
8481576,CAR,Ryan,Suzuki,2019,CAR,1,28,28
8480830,CAR,Andrei,Svechnikov,2018,CAR,1,2,2
8476882,CAR,Teuvo,Teravainen,2012,CHI,1,18,18
8484149,CBJ,Gavin,Brindley,2023,CBJ,2,2,34
8482475,CBJ,Yegor,Chinakhov,2020,CBJ,1,21,21
8479941,CBJ,Justin,Danforth,NaN,NaN,NaN,NaN,NaN
8484166,CBJ,Adam,Fantilli,2023,CBJ,1,3,3
8476346,CBJ,Johnny,Gaudreau,2011,CGY,4,13,104
8476432,CBJ,Boone,Jenner,2011,CBJ,2,7,37
8482660,CBJ,Kent,Johnson,2021,CBJ,1,5,5
8476374,CBJ,Sean,Kuraly,2011,SJS,5,12,133
8480893,CBJ,Kirill,Marchenko,2018,CBJ,2,18,49
8480292,CBJ,Carson,Meyer,2017,CBJ,6,24,179
8479423,CBJ,Alex,Nylander,2016,BUF,1,8,8
8479671,CBJ,Mathieu,Olivier,NaN,NaN,NaN,NaN,NaN
8482705,CBJ,Cole,Sillinger,2021,CBJ,1,12,12
8480074,CBJ,Alexandre,Texier,2017,CBJ,2,14,45
8481716,CBJ,Dmitri,Voronkov,2019,CBJ,4,21,114
8474150,CGY,Mikael,Backlund,2007,CGY,1,24,24
8476399,CGY,Blake,Coleman,2011,NJD,3,14,75
8482652,CGY,Walker,Duehr,NaN,NaN,NaN,NaN,NaN
8478421,CGY,A.J.,Greer,2015,COL,2,9,39
8476456,CGY,Jonathan,Huberdeau,2011,FLA,1,3,3
8478211,CGY,Dryden,Hunt,NaN,NaN,NaN,NaN,NaN
8475172,CGY,Nazem,Kadri,2009,TOR,1,7,7
8483808,CGY,Andrei,Kuzmenko,NaN,NaN,NaN,NaN,NaN
8478233,CGY,Andrew,Mangiapane,2015,CGY,6,15,166
8481028,CGY,Martin,Pospisil,2018,CGY,4,12,105
8479291,CGY,Kevin,Rooney,NaN,NaN,NaN,NaN,NaN
8481068,CGY,Yegor,Sharangovich,2018,NJD,5,17,141
8482074,CGY,Connor,Zary,2020,CGY,1,24,24
8479315,CHI,Joey,Anderson,2016,NJD,3,12,73
8476960,CHI,Andreas,Athanasiou,2012,DET,4,19,110
8484144,CHI,Connor,Bedard,2023,CHI,1,1,1
8476278,CHI,Colin,Blackwell,2011,SJS,7,13,194
8477450,CHI,Jason,Dickinson,2013,DAL,1,29,29
8477987,CHI,Ryan,Donato,2014,BOS,2,26,56
8480025,CHI,MacKenzie,Entwistle,2017,ARI,3,7,69
8473422,CHI,Nick,Foligno,2006,OTT,1,28,28
8475791,CHI,Taylor,Hall,2010,EDM,1,1,1
8481147,CHI,Reese,Johnson,NaN,NaN,NaN,NaN,NaN
8474870,CHI,Tyler,Johnson,NaN,NaN,NaN,NaN,NaN
8480798,CHI,Philipp,Kurashev,2018,CHI,4,27,120
8483493,CHI,Frank,Nazar,2022,CHI,1,13,13
8479390,CHI,Taylor,Raddysh,2016,TBL,2,28,58
8482172,CHI,Landon,Slaggert,2020,CHI,3,17,79
8471699,COL,Andrew,Cogliano,2005,EDM,1,25,25
8479525,COL,Ross,Colton,2016,TBL,4,27,118
8477494,COL,Jonathan,Drouin,2013,TBL,1,3,3
8479520,COL,Brandon,Duhaime,2016,MIN,4,15,106
8482147,COL,Jean-Luc,Foudy,2020,COL,3,13,75
8481641,COL,Joel,Kiviranta,NaN,NaN,NaN,NaN,NaN
8481042,COL,Nikolai,Kovalenko,2018,COL,6,16,171
8477476,COL,Artturi,Lehkonen,2013,MTL,2,25,55
8477492,COL,Nathan,MacKinnon,2013,COL,1,1,1
8479999,COL,Casey,Mittelstadt,2017,BUF,1,8,8
8481186,COL,Logan,O'Connor,NaN,NaN,NaN,NaN,NaN
8478028,COL,Fredrik,Olofsson,2014,CHI,4,8,98
8470610,COL,Zach,Parise,2003,NJD,1,17,17
8478420,COL,Mikko,Rantanen,2015,COL,1,10,10
8478508,COL,Yakov,Trenin,2015,NSH,2,25,55
8479362,COL,Riley,Tufte,2016,DAL,1,25,25
8475780,COL,Chris,Wagner,2010,ANA,5,2,122
8477425,COL,Miles,Wood,2013,NJD,4,9,100
8480840,DAL,Oskar,Back,2018,DAL,3,13,75
8473994,DAL,Jamie,Benn,2007,DAL,5,8,129
8481712,DAL,Matej,Blumel,2019,EDM,4,7,100
8482145,DAL,Mavrik,Bourque,2020,DAL,1,30,30
8474149,DAL,Evgenii,Dadonov,2007,FLA,3,10,71
8480848,DAL,Ty,Dellandrea,2018,DAL,1,13,13
8475168,DAL,Matt,Duchene,2009,COL,1,3,3
8476889,DAL,Radek,Faksa,2012,DAL,1,13,13
8478449,DAL,Roope,Hintz,2015,DAL,2,19,49
8482740,DAL,Wyatt,Johnston,2021,DAL,1,23,23
8479518,DAL,Fredrik,Karlström,2016,DAL,3,29,90
8478975,DAL,Mason,Marchment,NaN,NaN,NaN,NaN,NaN
8470794,DAL,Joe,Pavelski,2003,SJS,7,8,205
8480027,DAL,Jason,Robertson,2017,DAL,2,8,39
8475794,DAL,Tyler,Seguin,2010,BOS,1,2,2
8475225,DAL,Craig,Smith,2009,NSH,4,7,98
8482702,DAL,Logan,Stankoven,2021,DAL,2,15,47
8479351,DAL,Sam,Steel,2016,ANA,1,30,30
8477456,DET,J.T.,Compher,2013,BUF,2,5,35
8477429,DET,Andrew,Copp,2013,WPG,4,13,104
8479337,DET,Alex,DeBrincat,2016,CHI,2,9,39
8477952,DET,Robby,Fabbri,2014,STL,1,21,21
8478432,DET,Christian,Fischer,2015,ARI,2,2,32
8474141,DET,Patrick,Kane,2007,CHI,1,1,1
8477946,DET,Dylan,Larkin,2014,DET,1,15,15
8474102,DET,David,Perron,2007,STL,1,26,26
8479992,DET,Michael,Rasmussen,2017,DET,1,9,9
8482078,DET,Lucas,Raymond,2020,DET,1,4,4
8478466,DET,Daniel,Sprong,2015,PIT,2,16,46
8480813,DET,Joe,Veleno,2018,DET,1,30,30
8482673,EDM,Xavier,Bourgault,2021,EDM,1,22,22
8477015,EDM,Connor,Brown,2012,TOR,6,5,156
8475842,EDM,Sam,Carrick,2010,TOR,5,24,144
8477934,EDM,Leon,Draisaitl,2014,EDM,1,3,3
8477454,EDM,Adam,Erne,2013,TBL,2,3,33
8477998,EDM,Warren,Foegele,2014,CAR,3,7,67
8474040,EDM,Sam,Gagner,2007,EDM,1,6,6
8474641,EDM,Adam,Henrique,2008,NJD,3,21,82
8482077,EDM,Dylan,Holloway,2020,EDM,1,14,14
8475786,EDM,Zach,Hyman,2010,FLA,5,3,123
8477406,EDM,Mattias,Janmark,2013,DET,3,18,79
8475169,EDM,Evander,Kane,2009,ATL,1,4,4
8481534,EDM,Raphael,Lavoie,2019,EDM,2,7,38
8478402,EDM,Connor,McDavid,2015,EDM,1,1,1
8480802,EDM,Ryan,McLeod,2018,EDM,2,9,40
8476454,EDM,Ryan,Nugent-Hopkins,2011,EDM,1,1,1
8478967,EDM,Lane,Pederson,NaN,NaN,NaN,NaN,NaN
8470621,EDM,Corey,Perry,2003,ANA,1,28,28
8478585,EDM,Derek,Ryan,NaN,NaN,NaN,NaN,NaN
8479335,FLA,Rasmus,Asplund,2016,BUF,2,3,33
8477493,FLA,Aleksander,Barkov,2013,FLA,1,2,2
8477935,FLA,Sam,Bennett,2014,CGY,1,4,4
8476393,FLA,Nick,Cousins,2011,PHI,3,7,68
8479981,FLA,Jonah,Gadjovich,2017,VAN,2,24,55
8480825,FLA,Patrick,Giles,NaN,NaN,NaN,NaN,NaN
8479367,FLA,William,Lockwood,2016,VAN,3,3,64
8479066,FLA,Ryan,Lomberg,NaN,NaN,NaN,NaN,NaN
8478904,FLA,Steven,Lorentz,2015,CAR,7,5,186
8482113,FLA,Anton,Lundell,2020,FLA,1,12,12
8480185,FLA,Eetu,Luostarinen,2017,CAR,2,11,42
8473449,FLA,Kyle,Okposo,2006,NYI,1,7,7
8477933,FLA,Sam,Reinhart,2014,BUF,1,2,2
8478542,FLA,Evan,Rodrigues,NaN,NaN,NaN,NaN,NaN
8482713,FLA,Mackie,Samoskevich,2021,FLA,1,24,24
8482088,FLA,Justin,Sourdif,2020,FLA,3,25,87
8478831,FLA,Kevin,Stenlund,2015,CBJ,2,28,58
8475765,FLA,Vladimir,Tarasenko,2010,STL,1,16,16
8479314,FLA,Matthew,Tkachuk,2016,CGY,1,6,6
8477409,FLA,Carter,Verhaeghe,2013,TOR,3,21,82
8478042,LAK,Viktor,Arvidsson,2014,NSH,4,22,112
8482124,LAK,Quinton,Byfield,2020,LAK,1,2,2
8476479,LAK,Phillip,Danault,2011,CHI,1,26,26
8479400,LAK,Pierre-Luc,Dubois,2016,CBJ,1,3,3
8477942,LAK,Kevin,Fiala,2014,NSH,1,11,11
8479336,LAK,Carl,Grundstrom,2016,TOR,2,27,57
8481560,LAK,Arthur,Kaliyev,2019,LAK,2,2,33
8477960,LAK,Adrian,Kempe,2014,LAK,1,29,29
8471685,LAK,Anze,Kopitar,2005,LAK,1,11,11
8482155,LAK,Alex,Laferriere,2020,LAK,3,21,83
8473453,LAK,Trevor,Lewis,2006,LAK,1,17,17
8481481,LAK,Blake,Lizotte,NaN,NaN,NaN,NaN,NaN
8479675,LAK,Trevor,Moore,NaN,NaN,NaN,NaN,NaN
8481557,MIN,Matt,Boldy,2019,MIN,1,12,12
8478493,MIN,Joel,Eriksson Ek,2015,MIN,1,20,20
8475220,MIN,Marcus,Foligno,2009,BUF,4,13,104
8477919,MIN,Frederick,Gaudreau,NaN,NaN,NaN,NaN,NaN
8477451,MIN,Ryan,Hartman,2013,CHI,1,30,30
8475149,MIN,Marcus,Johansson,2009,WSH,1,24,24
8478864,MIN,Kirill,Kaprizov,2015,MIN,5,14,135
8482177,MIN,Marat,Khusnutdinov,2020,MIN,2,6,37
8479968,MIN,Vinni,Lettieri,NaN,NaN,NaN,NaN,NaN
8481422,MIN,Jacob,Lucchini,NaN,NaN,NaN,NaN,NaN
8483499,MIN,Liam,Ohgren,2022,MIN,1,19,19
8482079,MIN,Marco,Rossi,2020,MIN,1,9,9
8479972,MIN,Mason,Shaw,2017,MIN,4,4,97
8475692,MIN,Mats,Zuccarello,NaN,NaN,NaN,NaN,NaN
8476981,MTL,Josh,Anderson,2012,CBJ,4,4,95
8476469,MTL,Joel,Armia,2011,BUF,1,16,16
8481540,MTL,Cole,Caufield,2019,MTL,1,15,15
8481523,MTL,Kirby,Dach,2019,CHI,1,3,3
8477989,MTL,Christian,Dvorak,2014,ARI,2,28,58
8478133,MTL,Jake,Evans,2014,MTL,7,27,207
8475848,MTL,Brendan,Gallagher,2010,MTL,5,27,147
8481093,MTL,Rafael,Harvey-Pinard,2019,MTL,7,15,201
8481618,MTL,Alex,Newhook,2019,COL,1,16,16
8476871,MTL,Tanner,Pearson,2012,LAK,1,30,30
8479543,MTL,Michael,Pezzetta,2016,MTL,6,9,160
8483515,MTL,Juraj,Slafkovsky,2022,MTL,1,1,1
8480018,MTL,Nick,Suzuki,2017,VGK,1,13,13
8478400,MTL,Colin,White,2015,OTT,1,21,21
8481058,MTL,Jesse,Ylönen,2018,MTL,2,4,35
8479414,NJD,Nathan,Bastian,2016,NJD,2,11,41
8479407,NJD,Jesper,Bratt,2016,NJD,6,11,162
8481518,NJD,Nolan,Foote,2019,TBL,1,27,27
8475287,NJD,Erik,Haula,2009,MIN,7,2,182
8480002,NJD,Nico,Hischier,2017,NJD,1,1,1
8482125,NJD,Alexander,Holtz,2020,NJD,1,7,7
8481559,NJD,Jack,Hughes,2019,NJD,1,1,1
8477508,NJD,Curtis,Lazar,2013,OTT,1,17,17
8477073,NJD,Kurtis,MacDermid,NaN,NaN,NaN,NaN,NaN
8478414,NJD,Timo,Meier,2015,SJS,1,9,9
8482110,NJD,Dawson,Mercer,2020,NJD,1,18,18
8477931,NJD,Tomas,Nosek,NaN,NaN,NaN,NaN,NaN
8476292,NJD,Ondrej,Palat,2011,TBL,7,27,208
8476919,NJD,Chris,Tierney,2012,SJS,2,25,55
8479994,NSH,Jaret,Anderson-Dolan,2017,LAK,2,10,41
8478463,NSH,Anthony,Beauvillier,2015,NYI,1,28,28
8482146,NSH,Luke,Evangelista,2020,NSH,2,11,42
8476887,NSH,Filip,Forsberg,2012,WSH,1,11,11
8479996,NSH,Cody,Glass,2017,VGK,1,6,6
8476873,NSH,Mark,Jankowski,2012,CGY,1,21,21
8477446,NSH,Michael,McCarron,2013,MTL,1,25,25
8478438,NSH,Tommy,Novak,2015,NSH,3,24,85
8474679,NSH,Gustav,Nyquist,2008,DET,4,30,121
8475158,NSH,Ryan,O'Reilly,2009,COL,2,3,33
8480748,NSH,Kiefer,Sherwood,NaN,NaN,NaN,NaN,NaN
8476925,NSH,Colton,Sissons,2012,NSH,2,20,50
8482062,NSH,Cole,Smith,NaN,NaN,NaN,NaN,NaN
8475722,NSH,Jason,Zucker,2010,MIN,2,29,59
8478445,NYI,Mathew,Barzal,2015,NYI,1,16,16
8475231,NYI,Casey,Cizikas,2009,NYI,4,1,92
8473504,NYI,Cal,Clutterbuck,2006,MIN,3,9,72
8478115,NYI,Pierre,Engvall,2014,TOR,7,8,188
8477392,NYI,Hudson,Fasching,2013,LAK,4,27,118
8479328,NYI,Julien,Gauthier,2016,CAR,1,21,21
8481601,NYI,Simon,Holmstrom,2019,NYI,1,23,23
8477500,NYI,Bo,Horvat,2013,VAN,1,9,9
8481016,NYI,Ruslan,Iskhakov,2018,NYI,2,12,43
8480901,NYI,Karson,Kuhlman,NaN,NaN,NaN,NaN,NaN
8475314,NYI,Anders,Lee,2009,NYI,6,2,152
8481237,NYI,Kyle,MacLean,NaN,NaN,NaN,NaN,NaN
8474709,NYI,Matt,Martin,2008,NYI,5,27,148
8475754,NYI,Brock,Nelson,2010,NYI,1,30,30
8476419,NYI,Jean-Gabriel,Pageau,2011,OTT,4,5,96
8475151,NYI,Kyle,Palmieri,2009,ANA,1,26,26
8477314,NYI,Brian,Pinho,2013,WSH,6,23,174
8480789,NYI,Oliver,Wahlstrom,2018,NYI,1,11,11
8475968,NYR,Alex,Belzile,NaN,NaN,NaN,NaN,NaN
8482132,NYR,Brett,Berard,2020,NYR,5,10,134
8477320,NYR,Anton,Blidh,2013,BOS,6,29,180
8477380,NYR,Jonny,Brodzinski,2013,LAK,5,27,148
8480078,NYR,Filip,Chytil,2017,NYR,1,21,21
8482157,NYR,Will,Cuylle,2020,NYR,2,29,60
8481726,NYR,Adam,Edstrom,2019,NYR,6,6,161
8476624,NYR,Barclay,Goodrow,NaN,NaN,NaN,NaN,NaN
8481554,NYR,Kaapo,Kakko,2019,NYR,1,2,2
8475184,NYR,Chris,Kreider,2009,NYR,1,19,19
8482109,NYR,Alexis,Lafrenière,2020,NYR,1,1,1
8479991,NYR,Jake,Leschyshyn,2017,VGK,2,31,62
8482747,NYR,Brennan,Othmann,2021,NYR,1,16,16
8478550,NYR,Artemi,Panarin,NaN,NaN,NaN,NaN,NaN
8475752,NYR,Tyler,Pitlick,2010,EDM,2,1,31
8482460,NYR,Matt,Rempe,2020,NYR,6,10,165
8478458,NYR,Jack,Roslovic,2015,WPG,1,25,25
8483669,NYR,Adam,Sykora,2022,NYR,2,31,63
8476389,NYR,Vincent,Trocheck,2011,FLA,3,3,64
8476918,NYR,Jimmy,Vesey,2012,NSH,3,5,66
8477505,NYR,Alexander,Wennberg,2013,CBJ,1,14,14
8471218,NYR,Blake,Wheeler,2004,PHX,1,5,5
8476459,NYR,Mika,Zibanejad,2011,OTT,1,6,6
8480208,OTT,Drake,Batherson,2017,OTT,4,28,121
8473512,OTT,Claude,Giroux,2006,PHI,1,22,22
8482092,OTT,Ridly,Greig,2020,OTT,1,28,28
8478472,OTT,Mathieu,Joseph,2015,TBL,4,29,120
8480355,OTT,Mark,Kastelic,2019,OTT,5,1,125
8479383,OTT,Boris,Katchouk,2016,TBL,2,14,44
8480448,OTT,Parker,Kelly,NaN,NaN,NaN,NaN,NaN
8477330,OTT,Dominik,Kubalik,2013,LAK,7,10,191
8479772,OTT,Zack,MacEwen,NaN,NaN,NaN,NaN,NaN
8480064,OTT,Josh,Norris,2017,SJS,1,19,19
8481596,OTT,Shane,Pinto,2019,OTT,2,1,32
8482116,OTT,Tim,Stützle,2020,OTT,1,3,3
8480801,OTT,Brady,Tkachuk,2018,OTT,1,4,4
8474715,PHI,Cam,Atkinson,2008,CBJ,6,6,157
8480220,PHI,Noah,Cates,2017,PHI,5,13,137
8476461,PHI,Sean,Couturier,2011,PHI,1,8,8
8475235,PHI,Nicolas,Deslauriers,2009,LAK,3,23,84
8480797,PHI,Joel,Farabee,2018,PHI,1,14,14
8482159,PHI,Tyson,Foerster,2020,PHI,1,23,23
8480028,PHI,Morgan,Frost,2017,PHI,1,27,27
8478495,PHI,Denis,Gurianov,2015,DAL,1,12,12
8477903,PHI,Garnet,Hathaway,NaN,NaN,NaN,NaN,NaN
8475793,PHI,Ryan,Johansen,2010,CBJ,1,4,4
8478439,PHI,Travis,Konecny,2015,PHI,1,24,24
8476872,PHI,Scott,Laughton,2012,PHI,1,20,20
8480068,PHI,Ryan,Poehling,2017,MTL,1,25,25
8480015,PHI,Owen,Tippett,2017,FLA,1,10,10
8478569,PIT,Noel,Acciari,NaN,NaN,NaN,NaN,NaN
8480205,PIT,Emil,Bemstrom,2017,CBJ,4,24,117
8478047,PIT,Michael,Bunting,2014,ARI,4,27,117
8470604,PIT,Jeff,Carter,2003,PHI,1,11,11
8471675,PIT,Sidney,Crosby,2005,PIT,1,1,1
8474189,PIT,Lars,Eller,2007,STL,1,13,13
8478424,PIT,Jansen,Harkins,2015,WPG,2,17,47
8471215,PIT,Evgeni,Malkin,2004,PIT,1,2,2
8476442,PIT,Matt,Nieto,2011,SJS,2,17,47
8482055,PIT,Drew,O'Connor,NaN,NaN,NaN,NaN,NaN
8479344,PIT,Jesse,Puljujarvi,2016,EDM,1,4,4
8476483,PIT,Rickard,Rakell,2011,ANA,1,30,30
8475810,PIT,Bryan,Rust,2010,PIT,3,20,80
8475191,PIT,Reilly,Smith,2009,DAL,3,8,69
8482241,PIT,Radim,Zohorna,NaN,NaN,NaN,NaN,NaN
8477930,SEA,Pierre-Edouard,Bellemare,NaN,NaN,NaN,NaN,NaN
8482665,SEA,Matty,Beniers,2021,SEA,1,2,2
8477416,SEA,Oliver,Bjorkstrand,2013,CBJ,3,28,89
8477444,SEA,Andre,Burakovsky,2013,WSH,1,23,23
8474586,SEA,Jordan,Eberle,2008,EDM,1,22,22
8476826,SEA,Yanni,Gourde,NaN,NaN,NaN,NaN,NaN
8481789,SEA,Tye,Kartye,NaN,NaN,NaN,NaN,NaN
8477955,SEA,Jared,McCann,2014,VAN,1,24,24
8475768,SEA,Jaden,Schwartz,2010,STL,1,14,14
8479293,SEA,Brandon,Tanev,NaN,NaN,NaN,NaN,NaN
8475193,SEA,Tomas,Tatar,2009,DET,2,30,60
8480009,SEA,Eeli,Tolvanen,2017,NSH,1,30,30
8479977,SEA,Kailer,Yamamoto,2017,EDM,1,22,22
8477473,SJS,Justin,Bailey,2013,BUF,2,22,52
8482222,SJS,Alexander,Barabanov,NaN,NaN,NaN,NaN,NaN
8482133,SJS,Thomas,Bordeleau,2020,SJS,2,7,38
8477846,SJS,Ryan,Carpenter,NaN,NaN,NaN,NaN,NaN
8474053,SJS,Logan,Couture,2007,SJS,1,9,9
8482667,SJS,William,Eklund,2021,SJS,1,7,7
8484911,SJS,Collin,Graf,NaN,NaN,NaN,NaN,NaN
8475798,SJS,Mikael,Granlund,2010,MIN,1,9,9
8474884,SJS,Mike,Hoffman,2009,OTT,5,10,130
8480011,SJS,Klim,Kostin,2017,STL,1,31,31
8479316,SJS,Luke,Kunin,2016,MIN,1,15,15
8478099,SJS,Kevin,Labanc,2014,SJS,6,21,171
8479379,SJS,Givani,Smith,2016,DET,2,16,46
8480021,SJS,Jack,Studnicka,2017,BOS,2,22,53
8481477,SJS,Nico,Sturm,NaN,NaN,NaN,NaN,NaN
8480821,SJS,Filip,Zadina,2018,DET,1,6,6
8480188,SJS,Fabian,Zetterlund,2017,NJD,3,1,63
8481543,STL,Nikita,Alexandrov,2019,STL,2,31,62
8478104,STL,Sammy,Blais,2014,STL,6,26,176
8477402,STL,Pavel,Buchnevich,2013,NYR,3,14,75
8475763,STL,Kevin,Hayes,2010,CHI,1,24,24
8477953,STL,Kasperi,Kapanen,2014,PIT,1,22,22
8479385,STL,Jordan,Kyrou,2016,STL,2,5,35
8482089,STL,Jake,Neighbours,2020,STL,1,26,26
8476438,STL,Brandon,Saad,2011,CHI,2,13,43
8475170,STL,Brayden,Schenn,2009,LAK,1,5,5
8476897,STL,Oskar,Sundqvist,2012,PIT,3,20,81
8480023,STL,Robert,Thomas,2017,STL,1,20,20
8480281,STL,Alexey,Toropchenko,2017,STL,4,20,113
8477573,STL,Nathan,Walker,2014,WSH,3,29,89
8482070,TBL,Mitchell,Chaffee,NaN,NaN,NaN,NaN,NaN
8478519,TBL,Anthony,Cirelli,2015,TBL,3,11,72
8477407,TBL,Anthony,Duclair,2013,NYR,3,19,80
8479591,TBL,Michael,Eyssimont,2016,LAK,5,21,142
8476822,TBL,Luke,Glendening,NaN,NaN,NaN,NaN,NaN
8479542,TBL,Brandon,Hagel,2016,BUF,6,8,159
8479661,TBL,Tanner,Jeannot,NaN,NaN,NaN,NaN,NaN
8476453,TBL,Nikita,Kucherov,2011,TBL,2,28,58
8477353,TBL,Tyler,Motte,2013,CHI,4,30,121
8477426,TBL,Nicholas,Paul,2013,DAL,4,10,101
8478010,TBL,Brayden,Point,2014,TBL,3,19,79
8477839,TBL,Conor,Sheary,NaN,NaN,NaN,NaN,NaN
8474564,TBL,Steven,Stamkos,2008,TBL,1,1,1
8475766,TBL,Austin,Watson,2010,NSH,1,18,18
8481720,TOR,Nick,Abruzzese,2019,TOR,4,31,124
8477479,TOR,Tyler,Bertuzzi,2013,DET,2,28,58
8475160,TOR,Kyle,Clifford,2009,LAK,2,5,35
8480980,TOR,Connor,Dewar,2018,MIN,3,30,92
8477503,TOR,Max,Domi,2013,PHX,1,12,12
8479580,TOR,Dylan,Gambrell,2016,SJS,2,30,60
8483733,TOR,Nikita,Grebenkin,2022,TOR,5,6,135
8479393,TOR,Noah,Gregor,2016,SJS,4,20,111
8480995,TOR,Pontus,Holmberg,2018,TOR,6,1,156
8475714,TOR,Calle,Jarnkrok,2010,DET,2,21,51
8480144,TOR,David,Kampf,NaN,NaN,NaN,NaN,NaN
8482720,TOR,Matthew,Knies,2021,TOR,2,25,57
8478483,TOR,Mitch,Marner,2015,TOR,1,4,4
8479318,TOR,Auston,Matthews,2016,TOR,1,1,1
8482259,TOR,Bobby,McMann,NaN,NaN,NaN,NaN,NaN
8477939,TOR,William,Nylander,2014,TOR,1,8,8
8471817,TOR,Ryan,Reaves,2005,STL,5,31,156
8481582,TOR,Nicholas,Robertson,2019,TOR,2,22,53
8482634,TOR,Alex,Steeves,NaN,NaN,NaN,NaN,NaN
8475166,TOR,John,Tavares,2009,NYI,1,1,1
8482496,VAN,Nils,Aman,2020,COL,6,12,167
8483395,VAN,Arshdeep,Bains,NaN,NaN,NaN,NaN,NaN
8476927,VAN,Teddy,Blueger,2012,PIT,2,22,52
8478444,VAN,Brock,Boeser,2015,VAN,1,23,23
8476858,VAN,Phillip,Di Giuseppe,2012,CAR,2,8,38
8478856,VAN,Conor,Garland,2015,ARI,5,2,123
8481535,VAN,Nils,Hoglander,2019,VAN,2,9,40
8478057,VAN,Dakota,Joshua,2014,TOR,5,8,128
8481024,VAN,Linus,Karlsson,2018,SJS,3,25,87
8482918,VAN,Danila,Klimovich,2021,VAN,2,9,41
8478043,VAN,Sam,Lafferty,2014,PIT,4,23,113
8483476,VAN,Jonathan,Lekkerimaki,2022,VAN,1,15,15
8477496,VAN,Elias,Lindholm,2013,CAR,1,5,5
8481624,VAN,Ilya,Mikheyev,NaN,NaN,NaN,NaN,NaN
8476468,VAN,J.T.,Miller,2011,NYR,1,15,15
8480012,VAN,Elias,Pettersson,2017,VAN,1,5,5
8481617,VAN,Vasily,Podkolzin,2019,VAN,1,10,10
8482691,VAN,Aatu,Raty,2021,NYI,2,20,52
8484136,VAN,Max,Sasson,NaN,NaN,NaN,NaN,NaN
8480459,VAN,Pius,Suter,NaN,NaN,NaN,NaN,NaN
8478020,VGK,Michael,Amadio,2014,LAK,3,30,90
8477964,VGK,Ivan,Barbashev,2014,STL,2,3,33
8482153,VGK,Brendan,Brisson,2020,VGK,1,29,29
8477478,VGK,William,Carrier,2013,STL,2,27,57
8481032,VGK,Paul,Cotter,2018,VGK,4,22,115
8480844,VGK,Grigori,Denisenko,2018,FLA,1,15,15
8481604,VGK,Pavel,Dorofeyev,2019,VGK,3,17,79
8478403,VGK,Jack,Eichel,2015,BUF,1,2,2
8475278,VGK,Byron,Froese,2009,CHI,4,28,119
8476881,VGK,Tomas,Hertl,2012,SJS,1,17,17
8479353,VGK,Brett,Howden,2016,TBL,1,27,27
8476448,VGK,William,Karlsson,2011,ANA,2,23,53
8478434,VGK,Keegan,Kolesar,2015,CBJ,3,8,69
8477511,VGK,Anthony,Mantha,2013,DET,1,20,20
8476539,VGK,Jonathan,Marchessault,NaN,NaN,NaN,NaN,NaN
8481462,VGK,Mason,Morelli,NaN,NaN,NaN,NaN,NaN
8480007,VGK,Jonas,Rondbjerg,2017,VGK,3,3,65
8478462,VGK,Nicolas,Roy,2015,CAR,4,5,96
8476905,VGK,Chandler,Stephenson,2012,WSH,3,16,77
8475913,VGK,Mark,Stone,2010,OTT,6,28,178
8478891,WPG,Mason,Appleton,2015,WPG,6,17,168
8480289,WPG,Morgan,Barron,2017,NYR,6,19,174
8478398,WPG,Kyle,Connor,2015,WPG,1,17,17
8477940,WPG,Nikolaj,Ehlers,2014,WPG,1,9,9
8481019,WPG,David,Gustafsson,2018,WPG,2,29,60
8480113,WPG,Alex,Iafallo,NaN,NaN,NaN,NaN,NaN
8479536,WPG,Axel,Jonsson-Fjallby,2016,WSH,5,26,147
8480845,WPG,Rasmus,Kupari,2018,LAK,1,20,20
8476392,WPG,Adam,Lowry,2011,WPG,3,6,67
8477497,WPG,Sean,Monahan,2013,CGY,1,6,6
8476480,WPG,Vladislav,Namestnikov,2011,TBL,1,27,27
8475799,WPG,Nino,Niederreiter,2010,NYI,1,5,5
8482149,WPG,Cole,Perfetti,2020,WPG,1,10,10
8476460,WPG,Mark,Scheifele,2011,WPG,1,7,7
8475726,WPG,Tyler,Toffoli,2010,LAK,2,17,47
8480014,WPG,Gabriel,Vilardi,2017,LAK,1,11,11
8477979,WSH,Nicolas,Aube-Kubel,2014,PHI,2,18,48
8473563,WSH,Nicklas,Backstrom,2006,WSH,1,4,4
8475343,WSH,Nic,Dowd,2009,LAK,7,18,198
8479359,WSH,Beck,Malenstyn,2016,WSH,5,24,145
8481580,WSH,Connor,McMichael,2019,WSH,1,25,25
8477947,WSH,Sonny,Milano,2014,CBJ,1,16,16
8471698,WSH,T.J.,Oshie,2005,STL,1,24,24
8471214,WSH,Alex,Ovechkin,2004,WSH,1,1,1
8474157,WSH,Max,Pacioretty,2007,MTL,1,22,22
8481656,WSH,Aliaksei,Protas,2019,WSH,3,29,91
8475958,WSH,Michael,Sgarbossa,NaN,NaN,NaN,NaN,NaN
8478440,WSH,Dylan,Strome,2015,ARI,1,3,3
8476880,WSH,Tom,Wilson,2012,WSH,1,16,16
8475764,ANA,Cam,Fowler,2010,ANA,1,12,12
8475462,ANA,Radko,Gudas,2010,TBL,3,6,66
8481605,ANA,Jackson,LaCombe,2019,ANA,2,8,39
8478021,ANA,William,Lagesson,2014,EDM,4,1,91
8480184,ANA,Gustav,Lindstrom,2017,DET,2,7,38
8483490,ANA,Pavel,Mintyukov,2022,ANA,1,10,10
8480001,ANA,Urho,Vaakanainen,2017,BOS,1,18,18
8482803,ANA,Olen,Zellweger,2021,ANA,2,2,34
8477384,ARI,Josh,Brown,2013,FLA,6,1,152
8478408,ARI,Travis,Dermott,2015,TOR,2,4,34
8480434,ARI,Sean,Durzi,2018,TOR,2,21,52
8482655,ARI,J.J.,Moser,2021,ARI,2,28,60
8479976,ARI,Juuso,Valimaki,2017,CGY,1,16,16
8480828,BOS,Michael,Callahan,2018,ARI,5,18,142
8478443,BOS,Brandon,Carlo,2015,BOS,2,7,37
8475762,BOS,Derek,Forbort,2010,LAK,1,15,15
8476891,BOS,Matt,Grzelcyk,2012,BOS,3,24,85
8476854,BOS,Hampus,Lindholm,2012,ANA,1,6,6
8482511,BOS,Mason,Lohrei,2020,BOS,2,27,58
8479325,BOS,Charlie,McAvoy,2016,BOS,1,14,14
8480070,BOS,Ian,Mitchell,2017,CHI,2,26,57
8479369,BOS,Andrew,Peeke,2016,CBJ,2,4,34
8474031,BOS,Kevin,Shattenkirk,2007,COL,1,14,14
8478450,BOS,Parker,Wotherspoon,2015,NYI,4,21,112
8480196,BUF,Jacob,Bryson,2017,BUF,4,6,99
8481524,BUF,Bowen,Byram,2019,COL,1,4,4
8479348,BUF,Kale,Clague,2016,LAK,2,21,51
8477365,BUF,Connor,Clifton,2013,PHX,5,12,133
8480839,BUF,Rasmus,Dahlin,2018,BUF,1,1,1
8480035,BUF,Henri,Jokiharju,2017,CHI,1,29,29
8482671,BUF,Owen,Power,2021,BUF,1,1,1
8480807,BUF,Mattias,Samuelsson,2018,BUF,2,1,32
8470613,CAR,Brent,Burns,2003,MIN,1,20,20
8478970,CAR,Jalen,Chatfield,NaN,NaN,NaN,NaN,NaN
8479639,CAR,Dylan,Coghlan,NaN,NaN,NaN,NaN,NaN
8477950,CAR,Tony,DeAngelo,2014,TBL,1,19,19
8482666,CAR,Scott,Morrow,2021,CAR,2,8,40
8475200,CAR,Dmitry,Orlov,2009,WSH,2,25,55
8477488,CAR,Brett,Pesce,2013,CAR,3,5,66
8482187,CAR,Ronan,Seeley,2020,CAR,7,22,208
8476869,CAR,Brady,Skjei,2012,NYR,1,28,28
8476958,CAR,Jaccob,Slavin,2012,CAR,4,29,120
8479402,CBJ,Jake,Bean,2016,CAR,1,13,13
8480871,CBJ,Adam,Boqvist,2018,CHI,1,8,8
8475790,CBJ,Erik,Gudbranson,2010,FLA,1,3,3
8478500,CBJ,Ivan,Provorov,2015,PHI,1,7,7
8476923,CBJ,Damon,Severson,2012,NJD,2,30,60
8478460,CBJ,Zach,Werenski,2015,CBJ,1,8,8
8478397,CGY,Rasmus,Andersson,2015,CGY,2,23,53
8478502,CGY,Dennis,Gilbert,2015,CHI,3,30,91
8477810,CGY,Joel,Hanley,NaN,NaN,NaN,NaN,NaN
8478430,CGY,Oliver,Kylington,2015,CGY,2,30,60
8482624,CGY,Daniil,Miromanov,NaN,NaN,NaN,NaN,NaN
8481537,CGY,Nikita,Okhotiuk,2019,NJD,2,30,61
8481167,CGY,Brayden,Pachal,NaN,NaN,NaN,NaN,NaN
8482470,CGY,Ilya,Solovyov,2020,CGY,7,19,205
8477346,CGY,MacKenzie,Weegar,2013,FLA,7,25,206
8477495,CHI,Seth,Jones,2013,NSH,1,4,4
8483466,CHI,Kevin,Korchinski,2022,CHI,1,7,7
8477034,CHI,Jaycob,Megna,2012,ANA,7,29,210
8476473,CHI,Connor,Murphy,2011,PHX,1,20,20
8475797,CHI,Jarred,Tinordi,2010,MTL,1,22,22
8481568,CHI,Alex,Vlasic,2019,CHI,2,12,43
8479458,CHI,Nikita,Zaitsev,NaN,NaN,NaN,NaN,NaN
8482072,COL,Jack,Ahcan,NaN,NaN,NaN,NaN,NaN
8479398,COL,Samuel,Girard,2016,NSH,2,17,47
8476779,COL,Brad,Hunt,NaN,NaN,NaN,NaN,NaN
8471677,COL,Jack,Johnson,2005,CAR,1,3,3
8478452,COL,Caleb,Jones,2015,EDM,4,26,117
8480069,COL,Cale,Makar,2017,COL,1,4,4
8484258,COL,Sam,Malinski,NaN,NaN,NaN,NaN,NaN
8476312,COL,Josh,Manson,2011,ANA,6,9,160
8479387,COL,Keaton,Middleton,2016,TOR,4,10,101
8478038,COL,Devon,Toews,2014,NYI,4,18,108
8480336,COL,Sean,Walker,NaN,NaN,NaN,NaN,NaN
8483425,DAL,Lian,Bichsel,2022,DAL,1,18,18
8475825,DAL,Jani,Hakanpää,2010,STL,4,14,104
8481581,DAL,Thomas,Harley,2019,DAL,1,18,18
8480036,DAL,Miro,Heiskanen,2017,DAL,1,3,3
8476902,DAL,Esa,Lindell,2012,DAL,3,13,74
8480878,DAL,Nils,Lundkvist,2018,NYR,1,28,28
8475755,DAL,Alexander,Petrovic,2010,FLA,2,6,36
8476884,DAL,Derrick,Pouliot,2012,PIT,1,8,8
8470600,DAL,Ryan,Suter,2003,NSH,1,7,7
8475690,DAL,Chris,Tanev,NaN,NaN,NaN,NaN,NaN
8475279,DET,Ben,Chiarot,2009,ATL,4,29,120
8482762,DET,Simon,Edvinsson,2021,DET,1,6,6
8476906,DET,Shayne,Gostisbehere,2012,PHI,3,17,78
8475718,DET,Justin,Holl,2010,CHI,2,24,54
8476874,DET,Olli,Maatta,2012,PIT,1,22,22
8473507,DET,Jeff,Petry,2006,EDM,2,15,45
8481542,DET,Moritz,Seider,2019,DET,1,6,6
8478013,DET,Jake,Walman,2014,STL,3,22,82
8480803,EDM,Evan,Bouchard,2018,EDM,1,10,10
8481598,EDM,Philip,Broberg,2019,EDM,1,8,8
8476879,EDM,Cody,Ceci,2012,OTT,1,15,15
8479576,EDM,Vincent,Desharnais,2016,EDM,7,2,183
8479341,EDM,Cam,Dineen,2016,ARI,3,7,68
8475218,EDM,Mattias,Ekholm,2009,NSH,4,11,102
8479416,EDM,Ben,Gleason,NaN,NaN,NaN,NaN,NaN
8480274,EDM,Philip,Kemp,2017,EDM,7,22,208
8476967,EDM,Brett,Kulak,2012,CGY,4,14,105
8477498,EDM,Darnell,Nurse,2013,EDM,1,7,7
8479442,EDM,Troy,Stecher,NaN,NaN,NaN,NaN,NaN
8484304,FLA,Uvis,Balinskis,NaN,NaN,NaN,NaN,NaN
8482107,FLA,Mike,Benning,2020,FLA,4,2,95
8481600,FLA,Tobias,Bjornfot,2019,LAK,1,22,22
8477932,FLA,Aaron,Ekblad,2014,FLA,1,1,1
8475171,FLA,Oliver,Ekman-Larsson,2009,PHX,1,6,6
8478055,FLA,Gustav,Forsling,2014,VAN,5,6,126
8482641,FLA,Matt,Kiersted,NaN,NaN,NaN,NaN,NaN
8475179,FLA,Dmitry,Kulikov,2009,FLA,1,14,14
8479372,FLA,Josh,Mahura,2016,ANA,3,24,85
8478859,FLA,Niko,Mikkola,2015,STL,5,6,127
8477986,FLA,Brandon,Montour,2014,ANA,2,25,55
8479998,LAK,Mikey,Anderson,2017,LAK,4,10,103
8482730,LAK,Brandt,Clarke,2021,LAK,1,8,8
8474563,LAK,Drew,Doughty,2008,LAK,1,2,2
8477971,LAK,Andreas,Englund,2014,OTT,2,10,40
8478882,LAK,Vladislav,Gavrikov,2015,CBJ,6,8,159
8479421,LAK,Jacob,Moverare,2016,LAK,4,21,112
8478911,LAK,Matt,Roy,2015,LAK,7,13,194
8481606,LAK,Jordan,Spence,2019,LAK,4,2,95
8474567,MIN,Zach,Bogosian,2008,ATL,1,3,3
8476463,MIN,Jonas,Brodin,2011,MIN,1,10,10
8480990,MIN,Declan,Chisholm,2018,WPG,5,26,150
8482122,MIN,Brock,Faber,2020,LAK,2,14,45
8471274,MIN,Alex,Goligoski,2004,PIT,2,31,61
8477541,MIN,Dakota,Mermis,NaN,NaN,NaN,NaN,NaN
8475750,MIN,Jon,Merrill,2010,NJD,2,8,38
8478136,MIN,Jake,Middleton,2014,LAK,7,30,210
8474716,MIN,Jared,Spurgeon,2008,NYI,6,5,156
8482087,MTL,Kaiden,Guhle,2020,MTL,1,16,16
8480887,MTL,Jordan,Harris,2018,MTL,3,9,71
8483457,MTL,Lane,Hutson,2022,MTL,2,30,62
8480192,MTL,Johnathan,Kovacevic,2017,WPG,3,12,74
8476875,MTL,Mike,Matheson,2012,FLA,1,23,23
8475233,MTL,David,Savard,2009,CBJ,4,3,94
8482964,MTL,Arber,Xhekaj,NaN,NaN,NaN,NaN,NaN
8480860,NJD,Kevin,Bahl,2018,ARI,2,24,55
8480084,NJD,Nick,DeSimone,NaN,NaN,NaN,NaN,NaN
8476462,NJD,Dougie,Hamilton,2011,BOS,1,9,9
8482684,NJD,Luke,Hughes,2021,NJD,1,4,4
8478507,NJD,John,Marino,2015,EDM,6,3,154
8483495,NJD,Simon,Nemec,2022,NJD,1,2,2
8478399,NJD,Jonas,Siegenthaler,2015,WSH,2,27,57
8474090,NJD,Brendan,Smith,2007,DET,1,27,27
8475197,NSH,Tyson,Barrie,2009,COL,3,3,64
8478851,NSH,Alexandre,Carrier,2015,NSH,4,24,115
8479371,NSH,Dante,Fabbro,2016,NSH,1,17,17
8474600,NSH,Roman,Josi,2008,NSH,2,8,38
8478468,NSH,Jeremy,Lauzon,2015,BOS,2,22,52
8474568,NSH,Luke,Schenn,2008,TOR,1,5,5
8480222,NYI,Sebastian,Aho,2017,NYI,5,15,139
8481541,NYI,Samuel,Bolduc,2019,NYI,2,26,57
8474145,NYI,Robert,Bortuzzo,2007,PIT,3,17,78
8479395,NYI,Dennis,Cholowski,2016,DET,1,20,20
8480865,NYI,Noah,Dobson,2018,NYI,1,12,12
8476429,NYI,Scott,Mayfield,2011,NYI,2,4,34
8476917,NYI,Adam,Pelech,2012,NYI,3,4,65
8477506,NYI,Ryan,Pulock,2013,NYI,1,15,15
8476422,NYI,Mike,Reilly,2011,CBJ,4,7,98
8481014,NYI,Alexander,Romanov,2018,MTL,2,7,38
8480071,NYI,Robin,Salo,2017,NYI,2,15,46
8479323,NYR,Adam,Fox,2016,CGY,3,5,66
8476979,NYR,Erik,Gustafsson,2012,EDM,4,2,93
8477433,NYR,Ben,Harpur,2013,OTT,4,17,108
8481708,NYR,Zac,Jones,2019,NYR,3,6,68
8479324,NYR,Ryan,Lindgren,2016,BOS,2,19,49
8482067,NYR,Connor,Mackey,NaN,NaN,NaN,NaN,NaN
8480817,NYR,K'Andre,Miller,2018,NYR,1,22,22
8481525,NYR,Matthew,Robertson,2019,NYR,2,18,49
8477244,NYR,Chad,Ruhwedel,NaN,NaN,NaN,NaN,NaN
8483407,NYR,Brandon,Scanlin,NaN,NaN,NaN,NaN,NaN
8482073,NYR,Braden,Schneider,2020,NYR,1,19,19
8476885,NYR,Jacob,Trouba,2012,WPG,1,9,9
8480879,OTT,Jacob,Bernard-Docker,2018,OTT,1,26,26
8480073,OTT,Erik,Brannstrom,2017,VGK,1,15,15
8478469,OTT,Thomas,Chabot,2015,OTT,1,18,18
8479345,OTT,Jakob,Chychrun,2016,ARI,1,16,16
8474612,OTT,Travis,Hamonic,2008,NYI,2,23,53
8482105,OTT,Jake,Sanderson,2020,OTT,1,5,5
8482245,OTT,Artem,Zub,NaN,NaN,NaN,NaN,NaN
8482142,PHI,Jamie,Drysdale,2020,ANA,1,6,6
8475176,PHI,Ryan,Ellis,2009,NSH,1,11,11
8473446,PHI,Erik,Johnson,2006,STL,1,1,1
8477499,PHI,Rasmus,Ristolainen,2013,BUF,1,8,8
8477948,PHI,Travis,Sanheim,2014,PHI,1,17,17
8476372,PHI,Nick,Seeler,2011,MIN,5,10,131
8471686,PHI,Marc,Staal,2005,NYR,1,12,12
8481546,PHI,Cam,York,2019,PHI,1,14,14
8481178,PHI,Egor,Zamula,NaN,NaN,NaN,NaN,NaN
8477435,PIT,Ryan,Graves,2013,NYR,4,19,110
8480058,PIT,Pierre-Olivier,Joseph,2017,ARI,1,23,23
8474578,PIT,Erik,Karlsson,2008,OTT,1,15,15
8471724,PIT,Kris,Letang,2005,PIT,3,1,62
8481206,PIT,John,Ludvig,2019,FLA,3,7,69
8477969,PIT,Marcus,Pettersson,2014,ANA,2,8,38
8478840,SEA,Will,Borgen,2015,BUF,4,1,92
8475208,SEA,Brian,Dumoulin,2009,CAR,2,21,51
8478407,SEA,Vince,Dunn,2015,STL,2,26,56
8476457,SEA,Adam,Larsson,2011,NJD,1,4,4
8476467,SEA,Jamie,Oleksiak,2011,DAL,1,14,14
8474602,SEA,Justin,Schultz,2008,ANA,2,13,43
8480884,SJS,Calen,Addison,2018,PIT,2,22,53
8476988,SJS,Matt,Benning,2012,BOS,6,24,175
8477335,SJS,Kyle,Burroughs,2013,NYI,7,15,196
8480834,SJS,Ty,Emberson,2018,ARI,3,11,73
8479983,SJS,Mario,Ferraro,2017,SJS,2,18,49
8479439,SJS,Jacob,MacDonald,NaN,NaN,NaN,NaN,NaN
8480172,SJS,Jan,Rutta,NaN,NaN,NaN,NaN,NaN
8481567,SJS,Henry,Thrun,2019,ANA,4,8,101
8471709,SJS,Marc-Edouard,Vlasic,2005,SJS,2,5,35
8475753,STL,Justin,Faulk,2010,CAR,2,7,37
8476792,STL,Torey,Krug,NaN,NaN,NaN,NaN,NaN
8475181,STL,Nick,Leddy,2009,MIN,1,16,16
8476892,STL,Colton,Parayko,2012,STL,3,25,86
8481059,STL,Scott,Perunovich,2018,STL,2,14,45
8474618,STL,Marco,Scandella,2008,MIN,2,25,55
8481006,STL,Tyler,Tucker,2018,STL,7,14,200
8478416,TBL,Erik,Cernak,2015,LAK,2,13,43
8475177,TBL,Calvin,de Haan,2009,NYI,1,12,12
8476856,TBL,Mathew,Dumba,2012,MIN,1,7,7
8477938,TBL,Haydn,Fleury,2014,CAR,1,7,7
8475167,TBL,Victor,Hedman,2009,TBL,1,2,2
8474151,TBL,Ryan,McDonagh,2007,MTL,1,12,12
8480246,TBL,Nick,Perbix,2017,TBL,6,14,169
8478178,TBL,Darren,Raddysh,NaN,NaN,NaN,NaN,NaN
8479410,TBL,Mikhail,Sergachev,2016,MTL,1,9,9
8481122,TOR,Simon,Benoit,NaN,NaN,NaN,NaN,NaN
8474673,TOR,TJ,Brodie,2008,CGY,4,23,114
8476441,TOR,Joel,Edmundson,2011,STL,2,16,46
8470966,TOR,Mark,Giordano,NaN,NaN,NaN,NaN,NaN
8475906,TOR,John,Klingberg,2010,DAL,5,11,131
8481614,TOR,Mikko,Kokkonen,2019,TOR,3,22,84
8479320,TOR,Max,Lajoie,2016,OTT,5,12,133
8480043,TOR,Timothy,Liljegren,2017,TOR,1,17,17
8480950,TOR,Ilya,Lyubushkin,NaN,NaN,NaN,NaN,NaN
8476931,TOR,Jake,McCabe,2012,BUF,2,14,44
8474162,TOR,Jake,Muzzin,2007,PIT,5,20,141
8482158,TOR,Topi,Niemela,2020,TOR,3,2,64
8476853,TOR,Morgan,Rielly,2012,TOR,1,5,5
8483546,TOR,Marshall,Rifai,NaN,NaN,NaN,NaN,NaN
8479982,TOR,Conor,Timmins,2017,COL,2,1,32
8481570,TOR,Cade,Webber,2019,CAR,4,6,99
8482824,VAN,Nick,Cicek,NaN,NaN,NaN,NaN,NaN
8474013,VAN,Ian,Cole,2007,STL,1,18,18
8478017,VAN,Mark,Friedman,2014,PHI,3,26,86
8479425,VAN,Filip,Hronek,2016,DET,2,23,53
8480800,VAN,Quinn,Hughes,2018,VAN,1,7,7
8475625,VAN,Matt,Irwin,NaN,NaN,NaN,NaN,NaN
8478454,VAN,Noah,Juulsen,2015,MTL,1,26,26
8484287,VAN,Cole,McWard,NaN,NaN,NaN,NaN,NaN
8474574,VAN,Tyler,Myers,2008,BUF,1,12,12
8483678,VAN,Elias,Pettersson,2022,VAN,3,15,80
8477359,VAN,Tucker,Poolman,2013,WPG,5,6,127
8477369,VAN,Carson,Soucy,2013,MIN,5,16,137
8478846,VAN,Christian,Wolanin,2015,OTT,4,16,107
8477507,VAN,Nikita,Zadorov,2013,BUF,1,16,16
8479980,VGK,Nicolas,Hague,2017,VGK,2,3,34
8478396,VGK,Noah,Hanifin,2015,CAR,1,5,5
8477018,VGK,Ben,Hutton,2012,VAN,5,26,147
8481527,VGK,Kaedan,Korczak,2019,VGK,2,10,41
8474166,VGK,Alec,Martinez,2007,LAK,4,4,95
8478062,VGK,Dysin,Mayo,2014,ARI,5,13,133
8475188,VGK,Brayden,McNabb,2009,BUF,3,5,66
8474565,VGK,Alex,Pietrangelo,2008,STL,1,4,4
8482138,VGK,Christoffer,Sedoff,NaN,NaN,NaN,NaN,NaN
8477447,VGK,Shea,Theodore,2013,ANA,1,26,26
8480727,VGK,Zach,Whitecloud,NaN,NaN,NaN,NaN,NaN
8476331,WPG,Dylan,DeMelo,2011,SJS,6,28,179
8475455,WPG,Brenden,Dillon,NaN,NaN,NaN,NaN,NaN
8476525,WPG,Colin,Miller,2012,LAK,5,30,151
8477504,WPG,Josh,Morrissey,2013,WPG,1,13,13
8480145,WPG,Neal,Pionk,NaN,NaN,NaN,NaN,NaN
8480049,WPG,Dylan,Samberg,2017,WPG,2,12,43
8477220,WPG,Nate,Schmidt,NaN,NaN,NaN,NaN,NaN
8479378,WPG,Logan,Stanley,2016,WPG,1,18,18
8480823,WSH,Alexander,Alexeyev,2018,WSH,1,31,31
8478451,WSH,Ethan,Bear,2015,EDM,5,3,124
8474590,WSH,John,Carlson,2008,WSH,1,27,27
8480796,WSH,Martin,Fehervary,2018,WSH,2,15,46
8475324,WSH,Nick,Jensen,2009,DET,5,30,150
8480873,WSH,Rasmus,Sandin,2018,TOR,1,29,29
8477845,WSH,Trevor,van Riemsdyk,NaN,NaN,NaN,NaN,NaN
8480843,ANA,Lukas,Dostal,2018,ANA,3,23,85
8476434,ANA,John,Gibson,2011,ANA,2,9,39
8478971,ARI,Connor,Ingram,2016,TBL,3,27,88
8478872,ARI,Karel,Vejmelka,2015,NSH,5,24,145
8483548,BOS,Brandon,Bussi,NaN,NaN,NaN,NaN,NaN
8480022,BOS,Michael,DiPietro,2017,VAN,3,2,64
8480280,BOS,Jeremy,Swayman,2017,BOS,4,18,111
8476999,BOS,Linus,Ullmark,2012,BUF,6,12,163
8477480,BUF,Eric,Comrie,2013,WPG,2,29,59
8480045,BUF,Ukko-Pekka,Luukkonen,2017,BUF,2,23,54
8475883,CAR,Frederik,Andersen,2012,ANA,3,26,87
8481611,CAR,Pyotr,Kochetkov,2019,CAR,2,5,36
8477484,CAR,Spencer,Martin,2013,COL,3,2,63
8477293,CAR,Antti,Raanta,NaN,NaN,NaN,NaN,NaN
8478007,CBJ,Elvis,Merzlikins,2014,CBJ,3,16,76
8480193,CBJ,Daniil,Tarasov,2017,CBJ,3,24,86
8474593,CGY,Jacob,Markstrom,2008,FLA,2,1,31
8478435,CGY,Dan,Vladar,2015,BOS,3,14,75
8475852,CHI,Petr,Mrazek,2010,DET,5,21,141
8482821,CHI,Arvid,Soderblom,NaN,NaN,NaN,NaN,NaN
8481020,COL,Justus,Annunen,2018,COL,3,2,64
8480382,COL,Alexandar,Georgiev,NaN,NaN,NaN,NaN,NaN
8480244,COL,Arvid,Holm,2017,WPG,6,12,167
8481529,COL,Trent,Miner,2019,COL,7,16,202
8481031,COL,Ivan,Prosvetov,2018,ARI,4,21,114
8483575,DAL,Matt,Murray,NaN,NaN,NaN,NaN,NaN
8479979,DAL,Jake,Oettinger,2017,DAL,1,26,26
8482465,DAL,Remi,Poirier,2020,DAL,6,30,185
8475809,DAL,Scott,Wedgewood,2010,NJD,3,24,84
8478024,DET,Ville,Husso,2014,STL,4,4,94
8479312,DET,Alex,Lyon,NaN,NaN,NaN,NaN,NaN
8473503,DET,James,Reimer,2006,TOR,4,6,99
8475789,EDM,Jack,Campbell,2010,DAL,1,11,11
8475717,EDM,Calvin,Pickard,2010,COL,2,19,49
8480885,EDM,Olivier,Rodrigue,2018,EDM,2,31,62
8479973,EDM,Stuart,Skinner,2017,EDM,3,16,78
8475683,FLA,Sergei,Bobrovsky,NaN,NaN,NaN,NaN,NaN
8476433,FLA,Magnus,Hellberg,2011,NSH,2,8,38
8481519,FLA,Spencer,Knight,2019,FLA,1,13,13
8476932,FLA,Anthony,Stolarz,2012,PHI,2,15,45
8477831,LAK,Pheonix,Copley,NaN,NaN,NaN,NaN,NaN
8479496,LAK,David,Rittich,NaN,NaN,NaN,NaN,NaN
8475660,LAK,Cam,Talbot,NaN,NaN,NaN,NaN,NaN
8470594,MIN,Marc-Andre,Fleury,2003,PIT,1,1,1
8479406,MIN,Filip,Gustavsson,2016,PIT,2,25,55
8478470,MTL,Sam,Montembeault,2015,FLA,3,16,77
8480051,MTL,Cayden,Primeau,2017,MTL,7,13,199
8474596,NJD,Jake,Allen,2008,STL,2,4,34
8478039,NJD,Kaapo,Kahkonen,2014,MIN,4,19,109
8484274,NSH,Gustavs,Grigals,NaN,NaN,NaN,NaN,NaN
8480947,NSH,Kevin,Lankinen,NaN,NaN,NaN,NaN,NaN
8477424,NSH,Juuse,Saros,2013,NSH,4,8,99
8480819,NYI,Jakub,Skarek,2018,NYI,3,10,72
8478009,NYI,Ilya,Sorokin,2014,NYI,3,18,78
8473575,NYI,Semyon,Varlamov,2006,WSH,1,23,23
8475839,NYR,Louis,Domingue,2010,PHX,5,18,138
8482193,NYR,Dylan,Garand,2020,NYR,4,10,103
8471734,NYR,Jonathan,Quick,2005,LAK,3,11,72
8478048,NYR,Igor,Shesterkin,2014,NYR,4,28,118
8476341,OTT,Anton,Forsberg,2011,CBJ,7,7,188
8476914,OTT,Joonas,Korpisalo,2012,CBJ,3,1,62
8481035,PHI,Samuel,Ersson,2018,PHI,5,19,143
8478905,PHI,Ivan,Fedotov,2015,PHI,7,7,188
8477465,PIT,Tristan,Jarry,2013,PIT,2,14,44
8477968,PIT,Alex,Nedeljkovic,2014,CAR,2,7,37
8478916,SEA,Joey,Daccord,2015,OTT,7,18,199
8475831,SEA,Philipp,Grubauer,2010,WSH,4,22,112
8478406,SJS,Mackenzie,Blackwood,2015,NJD,2,12,42
8482445,SJS,Devin,Cooley,NaN,NaN,NaN,NaN,NaN
8477970,SJS,Vitek,Vanecek,2014,WSH,2,9,39
8476412,STL,Jordan,Binnington,2011,STL,3,27,88
8480981,STL,Joel,Hofer,2018,STL,4,14,107
8477992,TBL,Jonas,Johansson,2014,BUF,3,1,61
8476883,TBL,Andrei,Vasilevskiy,2012,TBL,1,19,19
8483710,TOR,Dennis,Hildeby,2022,TOR,4,25,122
8474889,TOR,Martin,Jones,NaN,NaN,NaN,NaN,NaN
8476899,TOR,Matt,Murray,2012,PIT,3,22,83
8478492,TOR,Ilya,Samsonov,2015,WSH,1,22,22
8479361,TOR,Joseph,Woll,2016,TOR,3,1,62
8477967,VAN,Thatcher,Demko,2014,VAN,2,6,36
8479193,VAN,Casey,DeSmith,NaN,NaN,NaN,NaN,NaN
8479313,VAN,Zach,Sawchenko,NaN,NaN,NaN,NaN,NaN
8481668,VAN,Arturs,Silovs,2019,VAN,6,1,156
8484268,VAN,Nikita,Tolopilo,NaN,NaN,NaN,NaN,NaN
8478499,VGK,Adin,Hill,2015,ARI,3,15,76
8480238,VGK,Jiri,Patera,2017,VGK,6,6,161
8481520,VGK,Isaiah,Saville,2019,VGK,5,11,135
8480313,VGK,Logan,Thompson,NaN,NaN,NaN,NaN,NaN
8482484,VGK,Jesper,Vikman,2020,VGK,5,1,125
8476316,WPG,Laurent,Brossoit,2011,CGY,6,13,164
8476945,WPG,Connor,Hellebuyck,2012,WPG,5,9,130
8475311,WSH,Darcy,Kuemper,2009,MIN,6,11,161
8479292,WSH,Charlie,Lindgren,NaN,NaN,NaN,NaN,NaN
